Symbol,Date,Open,High,Low,Close,Volume
SYS,2021-06-23,273.9949951171875,276.9949951171875,272.375,273.0400085449219,182400
SYS,2021-06-24,273.0050048828125,276.0,272.0,274.80999755859375,184000
SYS,2021-06-25,273.5,284.5,272.5,277.8599853515625,531000
SYS,2021-06-28,277.9949951171875,280.0,269.0,278.5899963378906,284600
SYS,2021-06-29,279.95001220703125,285.0,278.04998779296875,280.31500244140625,171600
SYS,2021-06-30,280.5,283.9949951171875,279.0199890136719,280.1099853515625,142800
SYS,2021-07-01,278.04998779296875,285.0,278.04998779296875,282.45001220703125,136000
SYS,2021-07-02,282.4949951171875,284.0,280.07501220703125,282.010009765625,89400
SYS,2021-07-05,279.04998779296875,283.9949951171875,279.0,280.0450134277344,95200
SYS,2021-07-06,280.5,281.5,278.5,279.2300109863281,101800
SYS,2021-07-07,280.0,280.0,275.5,279.42999267578125,60000
SYS,2021-07-08,279.9949951171875,290.0,279.9949951171875,288.4700012207031,323600
SYS,2021-07-09,287.5,290.0,280.0,284.1400146484375,241800
SYS,2021-07-12,284.125,285.0,281.5,283.9949951171875,119800
SYS,2021-07-13,282.25,291.0,282.25,288.7099914550781,121000
SYS,2021-07-14,294.4949951171875,294.4949951171875,288.95001220703125,290.125,253800
SYS,2021-07-15,290.5050048828125,292.70001220703125,288.0,292.4849853515625,145200
SYS,2021-07-16,292.5,314.4200134277344,292.5,304.7900085449219,1201800
SYS,2021-07-19,327.5,327.5,303.5,306.6300048828125,1130600
SYS,2021-07-20,306.6300048828125,306.6300048828125,306.6300048828125,306.6300048828125,0
SYS,2021-07-21,306.6300048828125,306.6300048828125,306.6300048828125,306.6300048828125,0
SYS,2021-07-22,306.6300048828125,306.6300048828125,306.6300048828125,306.6300048828125,0
SYS,2021-07-23,306.6300048828125,306.6300048828125,306.6300048828125,306.6300048828125,0
SYS,2021-07-26,312.0,315.4949951171875,312.0,314.0,416000
SYS,2021-07-27,324.95001220703125,324.95001220703125,314.75,321.7650146484375,612200
SYS,2021-07-28,320.0,325.0,315.0,317.9150085449219,102000
SYS,2021-07-29,316.0,319.5,314.0,318.3550109863281,78000
SYS,2021-07-30,318.5,325.0,315.0,316.8299865722656,350800
SYS,2021-08-02,313.54998779296875,324.5,313.5,323.32000732421875,143200
SYS,2021-08-03,323.5050048828125,330.0,320.510009765625,325.18499755859375,171400
SYS,2021-08-04,326.0,329.4949951171875,322.5,324.0400085449219,161000
SYS,2021-08-05,322.1499938964844,323.375,320.0,320.0450134277344,55000
SYS,2021-08-06,320.0,321.9949951171875,315.0,316.6549987792969,61400
SYS,2021-08-09,316.5,316.5249938964844,311.5,313.2799987792969,69000
SYS,2021-08-10,311.0050048828125,313.0,309.0,310.3349914550781,74200
SYS,2021-08-11,314.5,318.75,312.375,316.6499938964844,92800
SYS,2021-08-12,332.5,332.5,316.0,317.7349853515625,51400
SYS,2021-08-13,317.5,317.75,308.0,309.3299865722656,154200
SYS,2021-08-16,306.5,311.0,299.5,308.2099914550781,225400
SYS,2021-08-17,307.5,312.5,307.5,310.3949890136719,134400
SYS,2021-08-18,310.3949890136719,310.3949890136719,310.3949890136719,310.3949890136719,0
SYS,2021-08-19,310.3949890136719,310.3949890136719,310.3949890136719,310.3949890136719,0
SYS,2021-08-20,315.0,315.0,309.0,310.30499267578125,40800
SYS,2021-08-23,308.5249938964844,321.0,308.5249938964844,317.29998779296875,137400
SYS,2021-08-24,317.0,317.7749938964844,316.5,317.510009765625,31200
SYS,2021-08-25,317.5,317.5,312.5,315.0050048828125,24400
SYS,2021-08-26,317.5,338.6300048828125,315.0050048828125,335.6650085449219,606800
SYS,2021-08-27,336.0,345.0,328.0,342.69000244140625,248400
SYS,2021-08-30,343.9750061035156,347.5,337.0,344.6199951171875,120600
SYS,2021-08-31,345.0,370.4649963378906,344.5,359.9200134277344,1054400
SYS,2021-09-01,365.0,374.989990234375,359.0,361.7650146484375,518400
SYS,2021-09-02,360.6549987792969,364.9750061035156,356.5,360.3450012207031,566000
SYS,2021-09-03,375.0,381.0,364.9949951171875,379.375,794800
SYS,2021-09-06,376.54998779296875,385.95001220703125,376.54998779296875,383.9849853515625,413400
SYS,2021-09-07,382.5,389.92498779296875,382.0,385.239990234375,241600
SYS,2021-09-08,387.0,390.0,385.0,388.95001220703125,386400
SYS,2021-09-09,389.5,417.5,383.0050048828125,396.19000244140625,769400
SYS,2021-09-10,404.5,409.9700012207031,395.010009765625,409.2250061035156,317000
SYS,2021-09-13,410.5,412.0,402.5050048828125,407.8949890136719,313800
SYS,2021-09-14,410.0,412.5,400.5,404.8900146484375,398400
SYS,2021-09-15,402.3949890136719,402.3949890136719,389.0,400.4200134277344,709000
SYS,2021-09-16,392.5,403.5,392.5,398.6050109863281,199200
SYS,2021-09-17,396.0,402.4949951171875,389.5050048828125,391.2699890136719,315400
SYS,2021-09-20,392.5,399.625,380.5,386.989990234375,244200
SYS,2021-09-21,386.989990234375,386.989990234375,386.989990234375,386.989990234375,0
SYS,2021-09-22,370.0,370.0,355.0050048828125,363.56500244140625,930800
SYS,2021-09-23,365.0,367.5,350.54998779296875,356.7049865722656,311400
SYS,2021-09-24,357.5,362.0,351.5,359.239990234375,729600
SYS,2021-09-27,360.0050048828125,386.17999267578125,351.7749938964844,371.94500732421875,951800
SYS,2021-09-28,371.94500732421875,371.94500732421875,371.94500732421875,371.94500732421875,0
SYS,2021-09-29,375.5,379.8949890136719,350.2850036621094,369.6549987792969,1912400
SYS,2021-09-30,367.0,367.44500732421875,352.0,363.7550048828125,526000
SYS,2021-10-01,360.0,367.0,354.0,361.875,279800
SYS,2021-10-04,352.0050048828125,365.0,352.0050048828125,362.739990234375,311800
SYS,2021-10-05,364.989990234375,364.989990234375,350.04998779296875,355.635009765625,111600
SYS,2021-10-06,354.0,355.45001220703125,349.0,352.9700012207031,461400
SYS,2021-10-07,352.0,354.9750061035156,351.0050048828125,352.625,166000
SYS,2021-10-08,352.6199951171875,375.0,345.125,362.80499267578125,153800
SYS,2021-10-11,355.5,357.5,341.5,345.30499267578125,203800
SYS,2021-10-12,335.0050048828125,345.0,330.5,340.2650146484375,472200
SYS,2021-10-13,342.20001220703125,345.0,320.0,323.9200134277344,231800
SYS,2021-10-14,306.0,345.0,306.0,336.70001220703125,687200
SYS,2021-10-15,332.5,350.0,328.0,344.7049865722656,396800
SYS,2021-10-18,339.5,342.0,327.5,332.5199890136719,74200
SYS,2021-10-19,332.5199890136719,332.5199890136719,332.5199890136719,332.5199890136719,0
SYS,2021-10-20,332.0,340.5,330.0,339.625,206200
SYS,2021-10-21,340.0,346.8500061035156,337.0,341.7200012207031,321000
SYS,2021-10-22,346.5,350.0,330.0,337.82000732421875,628798
SYS,2021-10-25,344.3999938964844,344.3999938964844,332.5,337.82000732421875,398458
SYS,2021-10-26,337.5,344.5,328.0,335.4599914550781,360602
SYS,2021-10-27,342.0,347.0,339.5,345.2799987792969,313236
SYS,2021-10-28,345.0,349.25,335.010009765625,346.4200134277344,424510
SYS,2021-10-29,349.44000244140625,349.44000244140625,337.75,344.3599853515625,564330
SYS,2021-11-01,348.739990234375,357.5,345.0,352.2950134277344,191632
SYS,2021-11-02,352.5,374.44000244140625,351.04998779296875,370.4949951171875,555554
SYS,2021-11-03,369.5,397.5,368.5,394.6099853515625,1212824
SYS,2021-11-04,399.19000244140625,408.5,395.0,404.67999267578125,618736
SYS,2021-11-05,403.94500732421875,404.0,396.5,399.7850036621094,236056
SYS,2021-11-08,390.25,404.989990234375,390.25,398.7200012207031,624902
SYS,2021-11-09,397.5,402.5,383.0,394.17498779296875,453032
SYS,2021-11-10,398.4949951171875,401.0,392.5,394.5199890136719,268640
SYS,2021-11-11,396.5,397.4750061035156,392.5,393.3349914550781,222656
SYS,2021-11-12,391.5,393.0,384.9949951171875,387.1449890136719,171640
SYS,2021-11-15,380.04998779296875,414.0,380.04998779296875,397.7900085449219,280232
SYS,2021-11-16,402.0,402.0,395.04998779296875,398.69000244140625,342862
SYS,2021-11-17,403.5,411.25,400.1499938964844,409.0450134277344,795480
SYS,2021-11-18,409.1199951171875,410.8999938964844,392.54998779296875,405.7699890136719,552820
SYS,2021-11-19,400.0,406.0,400.0,400.7250061035156,421876
SYS,2021-11-22,391.6650085449219,396.8900146484375,383.5,386.6400146484375,284682
SYS,2021-11-23,387.5,387.5,362.5,364.4100036621094,320086
SYS,2021-11-24,356.0,375.0,352.5,372.8349914550781,403180
SYS,2021-11-25,375.0,378.95001220703125,369.25,374.1549987792969,95410
SYS,2021-11-26,372.5,386.0,372.5,380.875,164928
SYS,2021-11-29,379.9949951171875,388.5,373.5050048828125,384.7799987792969,319694
SYS,2021-11-30,384.95001220703125,403.5,384.95001220703125,400.79998779296875,1717914
SYS,2021-12-01,393.5,399.4949951171875,390.5,395.5899963378906,62668
SYS,2021-12-02,395.9949951171875,396.0,365.92498779296875,365.92498779296875,221766
SYS,2021-12-03,350.0,377.4949951171875,347.5,364.75,611476
SYS,2021-12-06,363.70001220703125,379.95001220703125,356.0,376.3299865722656,288150
SYS,2021-12-07,376.0,389.4949951171875,376.0,382.9200134277344,236466
SYS,2021-12-08,389.0,399.4949951171875,376.0,389.7099914550781,150166
SYS,2021-12-09,382.5,392.5,377.5,386.9599914550781,202896
SYS,2021-12-10,380.0,389.0,376.0,376.9750061035156,152710
SYS,2021-12-13,377.9750061035156,377.9750061035156,357.5,361.70001220703125,52642
SYS,2021-12-14,361.0,365.2550048828125,354.5,362.2850036621094,157384
SYS,2021-12-15,373.4949951171875,386.875,371.0,385.1099853515625,285918
SYS,2021-12-16,380.0,384.4949951171875,370.5050048828125,375.7349853515625,108948
SYS,2021-12-17,372.5,399.4949951171875,370.0,387.7049865722656,144836
SYS,2021-12-20,390.5,390.5,380.0,384.375,220780
SYS,2021-12-21,381.0,386.44500732421875,379.0,380.7300109863281,107544
SYS,2021-12-22,380.0,385.0,371.5,379.9150085449219,149474
SYS,2021-12-23,373.5,381.75,373.5,376.75,47254
SYS,2021-12-24,373.5,384.0,373.5,380.5150146484375,62644
SYS,2021-12-27,375.5,384.5,374.5,382.7749938964844,21776
SYS,2021-12-28,384.0,384.0,378.0,381.5849914550781,23208
SYS,2021-12-29,376.5,381.75,374.05999755859375,375.3949890136719,215570
SYS,2021-12-30,375.0,387.0,372.5,383.6400146484375,286812
SYS,2021-12-31,383.5,383.5,377.0050048828125,379.9200134277344,472940
SYS,2022-01-03,377.0,390.5,377.0,388.2699890136719,133994
SYS,2022-01-04,389.0,399.0,388.2699890136719,398.2049865722656,267864
SYS,2022-01-05,399.0,399.0,392.5,394.4849853515625,24236
SYS,2022-01-06,390.0,398.5,386.45001220703125,393.3550109863281,82592
SYS,2022-01-07,393.5,407.5,392.5,403.2749938964844,287984
SYS,2022-01-10,402.25,408.0,400.0,404.8900146484375,144556
SYS,2022-01-11,404.75,404.75,390.0249938964844,392.885009765625,279310
SYS,2022-01-12,393.5,396.5,387.5899963378906,391.6400146484375,214336
SYS,2022-01-13,392.0,393.0,388.0,388.56500244140625,95236
SYS,2022-01-14,393.4949951171875,392.0,387.5,389.9849853515625,108230
SYS,2022-01-17,389.95001220703125,391.5,385.0,390.0249938964844,240034
SYS,2022-01-18,389.25,391.9949951171875,386.0,387.56500244140625,342658
SYS,2022-01-19,387.5,390.0,384.5,387.3800048828125,872570
SYS,2022-01-20,385.0,387.25,379.9849853515625,385.135009765625,409586
SYS,2022-01-21,385.0249938964844,392.5,385.0249938964844,389.79998779296875,85988
SYS,2022-01-24,390.0,397.5,382.5050048828125,385.42999267578125,116300
SYS,2022-01-25,387.875,387.875,373.25,375.1300048828125,1440758
SYS,2022-01-26,377.4949951171875,377.4949951171875,369.69500732421875,372.0,345090
SYS,2022-01-27,374.6499938964844,374.6499938964844,371.25,371.9750061035156,105396
SYS,2022-01-28,372.5,372.5,367.5,367.9200134277344,99394
SYS,2022-01-31,369.5,371.5,366.5,368.57000732421875,90402
SYS,2022-02-01,367.5,371.489990234375,366.2149963378906,367.0249938964844,102782
SYS,2022-02-02,369.9949951171875,369.9949951171875,366.0,367.4849853515625,354262
SYS,2022-02-03,368.44000244140625,372.5,368.0,369.0400085449219,131636
SYS,2022-02-04,372.489990234375,372.489990234375,360.0,363.56500244140625,339564
SYS,2022-02-07,366.5,366.5,363.5,364.75,26428
SYS,2022-02-08,367.0,367.0,360.0,361.489990234375,46126
SYS,2022-02-09,362.4949951171875,362.4949951171875,357.5,358.1400146484375,401946
SYS,2022-02-10,358.989990234375,358.989990234375,351.75,352.5450134277344,550580
SYS,2022-02-11,354.0,362.5,350.0,355.25,1250068
SYS,2022-02-14,359.4949951171875,359.4949951171875,342.5,346.7749938964844,166254
SYS,2022-02-15,346.7799987792969,349.0,342.5249938964844,344.9750061035156,207410
SYS,2022-02-16,347.5,347.5,342.5,344.125,157548
SYS,2022-02-17,340.5,344.5,340.5,342.9649963378906,501594
SYS,2022-02-18,343.0,347.5,343.0,346.5950012207031,169710
SYS,2022-02-21,346.0,347.25,344.0,344.92498779296875,17662
SYS,2022-02-22,343.5050048828125,343.5050048828125,332.9949951171875,338.0150146484375,320016
SYS,2022-02-23,338.0,341.8999938964844,338.0,339.9200134277344,148462
SYS,2022-02-24,327.5050048828125,328.625,318.5,320.2449951171875,578878
SYS,2022-02-25,315.0050048828125,332.5,314.9849853515625,319.44000244140625,167910
SYS,2022-02-28,319.0,323.0,305.510009765625,322.989990234375,139494
SYS,2022-03-01,335.0,335.0,322.2200012207031,326.1549987792969,561358
SYS,2022-03-02,325.5,325.5,315.0,317.1549987792969,454010
SYS,2022-03-03,317.5,317.5,311.614990234375,312.385009765625,67786
SYS,2022-03-04,312.385009765625,321.9949951171875,312.385009765625,319.93499755859375,274196
SYS,2022-03-07,316.0,316.0,304.0400085449219,305.4200134277344,257048
SYS,2022-03-08,303.0,319.5,300.260009765625,304.7099914550781,553138
SYS,2022-03-09,312.5,318.0,302.5,316.4700012207031,168752
SYS,2022-03-10,325.0,340.2049865722656,320.04998779296875,337.4700012207031,919634
SYS,2022-03-11,362.75,362.7799987792969,352.7799987792969,356.5150146484375,2806294
SYS,2022-03-14,357.0,366.6650085449219,351.0,356.5,719738
SYS,2022-03-15,358.5,362.5899963378906,357.54998779296875,361.6400146484375,280464
SYS,2022-03-16,362.5,382.5,362.5,380.5799865722656,788546
SYS,2022-03-17,380.6300048828125,389.7250061035156,380.6300048828125,381.989990234375,267122
SYS,2022-03-18,380.0,380.0,360.0050048828125,363.2149963378906,1239758
SYS,2022-03-21,364.94500732421875,368.5,360.75,362.375,257498
SYS,2022-03-22,362.5249938964844,365.0,357.5,359.0299987792969,327858
SYS,2022-03-23,359.0299987792969,359.0299987792969,359.0299987792969,359.0299987792969,0
SYS,2022-03-24,357.5,360.0,347.5799865722656,357.18499755859375,705084
SYS,2022-03-25,358.55999755859375,358.55999755859375,352.0,353.0050048828125,448124
SYS,2022-03-28,353.0,354.0,348.5,352.135009765625,563604
SYS,2022-03-29,354.5,359.0899963378906,353.5,356.92498779296875,580498
SYS,2022-03-30,357.0050048828125,360.4949951171875,352.5249938964844,358.8599853515625,1185244
SYS,2022-03-31,380.0,380.0,356.3599853515625,378.8699951171875,575240
SYS,2022-04-01,378.8999938964844,394.0,378.1000061035156,382.0299987792969,538206
SYS,2022-04-04,370.0,378.9700012207031,363.1099853515625,374.05999755859375,195758
SYS,2022-04-05,375.989990234375,384.0,371.04998779296875,374.7099914550781,241366
SYS,2022-04-06,375.0,383.0,374.20001220703125,380.70001220703125,148557
SYS,2022-04-07,384.0,385.0,379.5,384.739990234375,857934
SYS,2022-04-08,383.1000061035156,392.989990234375,382.0,388.4700012207031,278285
SYS,2022-04-11,402.1000061035156,417.6000061035156,402.1000061035156,412.7900085449219,1552134
SYS,2022-04-12,415.0,415.0,405.0,412.7099914550781,268638
SYS,2022-04-13,412.7200012207031,414.0,405.2099914550781,410.20001220703125,248357
SYS,2022-04-14,411.0,412.20001220703125,408.5,411.3800048828125,113277
SYS,2022-04-15,413.0,414.0299987792969,407.0,408.1400146484375,176127
SYS,2022-04-18,408.20001220703125,410.3500061035156,399.1099853515625,401.1600036621094,271650
SYS,2022-04-19,402.0,402.8999938964844,393.510009765625,398.1400146484375,149133
SYS,2022-04-20,399.8999938964844,400.0,390.010009765625,393.17999267578125,99930
SYS,2022-04-21,392.010009765625,394.0,385.0,388.04998779296875,118497
SYS,2022-04-22,388.04998779296875,394.5,386.0,392.010009765625,136856
SYS,2022-04-25,395.0,407.0,392.0199890136719,405.92999267578125,453184
SYS,2022-04-26,406.989990234375,408.0,402.1000061035156,403.94000244140625,352396
SYS,2022-04-27,401.1499938964844,404.0,387.0,393.489990234375,202810
SYS,2022-04-28,393.7699890136719,396.989990234375,378.010009765625,387.489990234375,358460
SYS,2022-04-29,387.489990234375,387.489990234375,387.489990234375,387.489990234375,0
SYS,2022-05-02,387.489990234375,387.489990234375,387.489990234375,387.489990234375,0
SYS,2022-05-03,387.489990234375,387.489990234375,387.489990234375,387.489990234375,0
SYS,2022-05-04,387.489990234375,387.489990234375,387.489990234375,387.489990234375,0
SYS,2022-05-05,387.489990234375,387.489990234375,387.489990234375,387.489990234375,0
SYS,2022-05-06,387.0,387.0,370.0,371.8399963378906,260105
SYS,2022-05-09,369.989990234375,369.989990234375,344.0,345.4599914550781,844360
SYS,2022-05-10,347.0,350.0,339.25,341.20001220703125,326352
SYS,2022-05-11,344.489990234375,345.0,320.5,334.94000244140625,516537
SYS,2022-05-12,331.010009765625,339.8999938964844,321.3299865722656,337.07000732421875,230475
SYS,2022-05-13,337.0,346.0,331.1000061035156,342.6700134277344,314661
SYS,2022-05-16,330.1199951171875,336.0,321.20001220703125,325.3800048828125,169251
SYS,2022-05-17,325.0,330.989990234375,322.1300048828125,328.04998779296875,330334
SYS,2022-05-18,331.8999938964844,334.0,324.05999755859375,332.30999755859375,1021169
SYS,2022-05-19,330.0,338.8999938964844,328.0,331.8800048828125,1002228
SYS,2022-05-20,332.0,337.0,332.0,335.3800048828125,367505
SYS,2022-05-23,326.0,330.0,320.54998779296875,321.8699951171875,139001
SYS,2022-05-24,312.0,321.8699951171875,297.989990234375,299.010009765625,1789949
SYS,2022-05-25,296.1000061035156,313.8999938964844,281.0,301.5899963378906,1621976
SYS,2022-05-26,302.0,324.20001220703125,300.010009765625,324.20001220703125,811886
SYS,2022-05-27,344.989990234375,348.510009765625,328.0,328.9200134277344,952772
SYS,2022-05-30,327.0,340.7200012207031,327.0,334.2099914550781,358905
SYS,2022-05-31,339.0,343.989990234375,337.0299987792969,340.5400085449219,290431
SYS,2022-06-01,340.5400085449219,342.54998779296875,334.0,334.7699890136719,114749
SYS,2022-06-02,333.0299987792969,335.989990234375,325.0,329.8800048828125,163977
SYS,2022-06-03,332.989990234375,332.989990234375,313.0,321.3699951171875,238860
SYS,2022-06-06,318.0,327.0,316.4100036621094,322.54998779296875,142591
SYS,2022-06-07,326.989990234375,328.5899963378906,321.010009765625,321.7699890136719,155168
SYS,2022-06-08,321.79998779296875,323.29998779296875,310.510009765625,321.2799987792969,416068
SYS,2022-06-09,321.0,334.0,321.0,327.45001220703125,359223
SYS,2022-06-10,330.8999938964844,335.1000061035156,326.6099853515625,332.95001220703125,182589
SYS,2022-06-13,334.5,334.5,314.0,319.1499938964844,214085
SYS,2022-06-14,320.0,323.489990234375,317.5,321.3800048828125,176498
SYS,2022-06-15,323.0,326.0,322.0,323.5299987792969,76999
SYS,2022-06-16,322.0,326.20001220703125,321.5,322.3500061035156,76446
SYS,2022-06-17,322.0,332.19000244140625,322.0,329.75,406616
SYS,2022-06-20,333.6000061035156,333.70001220703125,322.0,322.1300048828125,170762
SYS,2022-06-21,322.1600036621094,340.8999938964844,322.010009765625,337.7200012207031,689983
SYS,2022-06-22,337.989990234375,343.95001220703125,333.79998779296875,334.9200134277344,356590
SYS,2022-06-23,338.0,344.20001220703125,334.55999755859375,339.5199890136719,430097
SYS,2022-06-24,339.54998779296875,343.0,315.5,326.3900146484375,986800
SYS,2022-06-27,331.0,339.95001220703125,330.8500061035156,338.510009765625,279273
SYS,2022-06-28,338.25,342.489990234375,334.5,335.5799865722656,240693
SYS,2022-06-29,336.010009765625,337.70001220703125,320.510009765625,324.7300109863281,498120
SYS,2022-06-30,324.79998779296875,332.8999938964844,322.5,329.8599853515625,620580
SYS,2022-07-01,330.989990234375,338.989990234375,323.5,328.489990234375,565284
SYS,2022-07-04,328.1000061035156,332.70001220703125,328.1000061035156,328.8699951171875,137461
SYS,2022-07-05,330.989990234375,334.0,329.989990234375,330.6099853515625,97572
SYS,2022-07-06,332.5,333.8999938964844,329.20001220703125,331.5799865722656,83718
SYS,2022-07-07,332.0899963378906,333.8800048828125,329.989990234375,331.1600036621094,142154
SYS,2022-07-08,331.1600036621094,331.1600036621094,331.1600036621094,331.1600036621094,0
SYS,2022-07-11,331.1600036621094,331.1600036621094,331.1600036621094,331.1600036621094,0
SYS,2022-07-12,331.1600036621094,331.1600036621094,331.1600036621094,331.1600036621094,0
SYS,2022-07-13,331.1600036621094,339.8999938964844,329.25,337.5400085449219,161663
SYS,2022-07-14,338.0,349.95001220703125,338.0,346.3800048828125,525122
SYS,2022-07-15,350.0,356.8999938964844,346.6000061035156,348.010009765625,477914
SYS,2022-07-18,342.989990234375,344.3999938964844,338.0,340.6600036621094,256219
SYS,2022-07-19,341.0,346.5,337.2799987792969,338.92999267578125,264511
SYS,2022-07-20,339.0,340.0,335.0,338.19000244140625,155069
SYS,2022-07-21,340.95001220703125,341.45001220703125,330.0400085449219,331.8699951171875,322693
SYS,2022-07-22,339.989990234375,344.0,330.5400085449219,340.989990234375,357237
SYS,2022-07-25,340.8999938964844,340.989990234375,333.0,335.54998779296875,133680
SYS,2022-07-26,337.7200012207031,341.9700012207031,335.0,335.9800109863281,155649
SYS,2022-07-27,336.0199890136719,343.4800109863281,335.0,341.7300109863281,155968
SYS,2022-07-28,342.0,365.5,342.0,349.3800048828125,899110
SYS,2022-07-29,350.0,353.989990234375,344.0199890136719,347.6400146484375,417938
SYS,2022-08-01,347.6400146484375,360.3999938964844,347.6400146484375,354.7200012207031,516580
SYS,2022-08-02,351.0,360.5,351.0,356.9200134277344,248289
SYS,2022-08-03,357.20001220703125,363.989990234375,357.20001220703125,361.6600036621094,441099
SYS,2022-08-04,364.989990234375,364.989990234375,358.5,359.7799987792969,221746
SYS,2022-08-05,360.0,361.010009765625,351.0,359.94000244140625,192701
SYS,2022-08-08,359.94000244140625,359.94000244140625,359.94000244140625,359.94000244140625,0
SYS,2022-08-09,359.94000244140625,359.94000244140625,359.94000244140625,359.94000244140625,0
SYS,2022-08-10,360.0,368.20001220703125,360.0,364.1199951171875,541781
SYS,2022-08-11,366.3999938964844,366.3999938964844,358.0,358.45001220703125,454164
SYS,2022-08-12,359.70001220703125,364.0,356.5,360.6600036621094,107832
SYS,2022-08-15,364.0,368.0,360.0,365.69000244140625,562902
SYS,2022-08-16,366.1000061035156,368.0,361.0,361.44000244140625,228465
SYS,2022-08-17,359.0,388.5400085449219,359.0,382.82000732421875,784230
SYS,2022-08-18,386.0,387.8999938964844,370.0,371.7900085449219,589817
SYS,2022-08-19,372.0,377.8999938964844,368.6000061035156,375.05999755859375,229640
SYS,2022-08-22,370.04998779296875,374.79998779296875,368.0,370.55999755859375,198859
SYS,2022-08-23,377.0,381.25,372.5,380.17999267578125,701588
SYS,2022-08-24,388.0,397.5,382.1000061035156,391.1199951171875,1295827
SYS,2022-08-25,391.989990234375,393.54998779296875,388.0,389.07000732421875,560428
SYS,2022-08-26,389.0,397.8999938964844,382.29998779296875,383.3800048828125,975580
SYS,2022-08-29,382.25,394.7799987792969,372.0,390.42999267578125,846475
SYS,2022-08-30,400.0,401.0,391.0,394.1499938964844,971956
SYS,2022-08-31,392.04998779296875,403.0,391.0,397.7099914550781,977122
SYS,2022-09-01,399.1700134277344,408.79998779296875,398.0,402.0199890136719,1441558
SYS,2022-09-02,401.92999267578125,406.5,400.1499938964844,401.1600036621094,473641
SYS,2022-09-05,401.5,402.989990234375,391.1199951171875,392.1099853515625,359030
SYS,2022-09-06,393.8900146484375,398.20001220703125,388.8800048828125,396.4700012207031,245854
SYS,2022-09-07,397.0,399.0,393.0,393.9100036621094,92284
SYS,2022-09-08,394.510009765625,396.5,391.9800109863281,393.510009765625,104191
SYS,2022-09-09,395.8900146484375,397.0,392.0,394.20001220703125,171166
SYS,2022-09-12,394.8999938964844,399.0,393.510009765625,394.67999267578125,139813
SYS,2022-09-13,393.1000061035156,395.5,388.0,389.1300048828125,156669
SYS,2022-09-14,388.75,394.0,387.1400146484375,390.8399963378906,390951
SYS,2022-09-15,392.8999938964844,397.3500061035156,387.8999938964844,391.8399963378906,554461
SYS,2022-09-16,393.5,400.0,389.6199951171875,390.79998779296875,337641
SYS,2022-09-19,391.0,394.8900146484375,390.0,390.1499938964844,228296
SYS,2022-09-20,392.3900146484375,392.3900146484375,384.010009765625,387.1300048828125,148863
SYS,2022-09-21,388.0,388.0,381.30999755859375,382.75,99224
SYS,2022-09-22,382.9800109863281,389.0,375.0,386.7200012207031,293063
SYS,2022-09-23,388.8999938964844,390.8999938964844,381.0,384.0,163390
SYS,2022-09-26,380.2099914550781,386.5,380.2099914550781,385.92999267578125,132989
SYS,2022-09-27,387.0,389.0,384.0199890136719,386.0199890136719,173063
SYS,2022-09-28,386.7900085449219,387.0,376.760009765625,378.92999267578125,275647
SYS,2022-09-29,379.0,379.5,370.0,373.5199890136719,229346
SYS,2022-09-30,371.0,379.0,371.0,377.4800109863281,135527
SYS,2022-10-03,378.0,385.0,376.1000061035156,380.8800048828125,168221
SYS,2022-10-04,381.260009765625,387.5,381.260009765625,386.3599853515625,184475
SYS,2022-10-05,384.0199890136719,388.6000061035156,382.5,386.1000061035156,140313
SYS,2022-10-06,390.0,415.04998779296875,389.989990234375,414.9100036621094,2152848
SYS,2022-10-07,415.010009765625,440.0,413.1000061035156,417.1400146484375,2868362
SYS,2022-10-10,418.0,430.9800109863281,418.0,419.6700134277344,635317
SYS,2022-10-11,423.0,428.3999938964844,415.5,424.2200012207031,477932
SYS,2022-10-12,422.5,433.8999938964844,420.0,425.2099914550781,594745
SYS,2022-10-13,425.6000061035156,449.3999938964844,425.6000061035156,445.1400146484375,1633734
SYS,2022-10-14,445.1400146484375,446.0,435.0,436.1099853515625,523206
SYS,2022-10-17,435.0,445.489990234375,428.0,441.8800048828125,773204
SYS,2022-10-18,444.44000244140625,453.6000061035156,441.010009765625,442.1499938964844,857574
SYS,2022-10-19,443.0,444.8399963378906,436.1000061035156,441.32000732421875,126464
SYS,2022-10-20,441.25,446.79998779296875,428.9800109863281,430.82000732421875,794018
SYS,2022-10-21,431.0,434.70001220703125,422.0,431.7699890136719,256395
SYS,2022-10-24,436.0,438.5,430.1300048828125,433.6099853515625,163175
SYS,2022-10-25,433.0,433.0,428.010009765625,430.9700012207031,139983
SYS,2022-10-26,428.8999938964844,441.3999938964844,427.1000061035156,433.3999938964844,582343
SYS,2022-10-27,435.0,439.0,429.1000061035156,435.7099914550781,366311
SYS,2022-10-28,436.0,445.9599914550781,430.489990234375,436.9599914550781,551595
SYS,2022-10-31,439.9800109863281,444.6600036621094,436.6000061035156,443.7200012207031,204343
SYS,2022-11-01,444.0,453.489990234375,444.0,451.32000732421875,503072
SYS,2022-11-02,453.0,453.5,447.6099853515625,451.8699951171875,221122
SYS,2022-11-03,453.4800109863281,457.0,451.0,454.0,576687
SYS,2022-11-04,449.989990234375,451.8999938964844,445.5,449.0299987792969,224008
SYS,2022-11-07,453.0,454.6000061035156,448.0,449.7300109863281,220693
SYS,2022-11-08,450.0,451.0,446.0,447.2200012207031,98340
SYS,2022-11-09,447.2200012207031,447.2200012207031,447.2200012207031,447.2200012207031,0
SYS,2022-11-10,448.0,455.5,448.0,452.3900146484375,589876
SYS,2022-11-11,453.8999938964844,454.9599914550781,449.0199890136719,452.9700012207031,116050
SYS,2022-11-14,453.0,453.0,446.510009765625,448.7900085449219,80868
SYS,2022-11-15,450.95001220703125,458.510009765625,447.9800109863281,448.82000732421875,378518
SYS,2022-11-16,451.989990234375,454.989990234375,448.5,453.7699890136719,306805
SYS,2022-11-17,455.0,463.0,450.25,456.1000061035156,359272
SYS,2022-11-18,452.0,462.0,452.0,458.7799987792969,474314
SYS,2022-11-21,458.7799987792969,471.989990234375,457.8999938964844,469.2099914550781,501150
SYS,2022-11-22,472.0,488.0,471.0,483.45001220703125,1154985
SYS,2022-11-23,485.54998779296875,499.0,483.989990234375,497.2799987792969,1151056
SYS,2022-11-24,500.9700012207031,501.0,487.0299987792969,489.9100036621094,665044
SYS,2022-11-25,490.1099853515625,495.0,487.1099853515625,491.95001220703125,345922
SYS,2022-11-28,482.0,491.79998779296875,481.0,487.3800048828125,526024
SYS,2022-11-29,486.8900146484375,501.25,486.8900146484375,499.9800109863281,1051065
SYS,2022-11-30,502.9700012207031,504.20001220703125,496.510009765625,500.3599853515625,568180
SYS,2022-12-01,500.0,507.8999938964844,499.0,502.57000732421875,336647
SYS,2022-12-02,501.010009765625,505.0,494.010009765625,497.3299865722656,323112
SYS,2022-12-05,498.0,498.8800048828125,482.0,483.45001220703125,258101
SYS,2022-12-06,482.5,489.0,481.0,486.0,263548
SYS,2022-12-07,485.0,492.0,484.95001220703125,489.45001220703125,390834
SYS,2022-12-08,491.5,492.0,485.0,485.2799987792969,100401
SYS,2022-12-09,485.0,487.5,480.3999938964844,485.17999267578125,135048
SYS,2022-12-12,485.0,490.510009765625,484.0,489.07000732421875,210701
SYS,2022-12-13,486.010009765625,494.79998779296875,486.010009765625,492.1499938964844,260410
SYS,2022-12-14,492.20001220703125,513.0,492.1499938964844,509.25,861114
SYS,2022-12-15,510.0,512.489990234375,500.0,501.989990234375,491427
SYS,2022-12-16,501.5,519.5999755859375,501.0,514.9000244140625,601147
SYS,2022-12-19,514.4400024414062,520.5499877929688,509.0,509.760009765625,225118
SYS,2022-12-20,512.9000244140625,512.9000244140625,486.0,492.82000732421875,564124
SYS,2022-12-21,489.0,500.0,488.5,490.20001220703125,223232
SYS,2022-12-22,492.0,499.989990234375,488.6199951171875,496.82000732421875,320302
SYS,2022-12-23,498.0,498.0,486.0,486.8399963378906,328442
SYS,2022-12-26,488.0,495.0,482.1400146484375,484.80999755859375,194753
SYS,2022-12-27,489.79998779296875,489.79998779296875,474.0,479.0299987792969,325373
SYS,2022-12-28,477.1000061035156,479.0,448.1499938964844,458.3900146484375,1117213
SYS,2022-12-29,464.5,478.25,450.0,476.20001220703125,617935
SYS,2022-12-30,479.8800048828125,490.0,473.5799865722656,483.92999267578125,388706
SYS,2023-01-02,485.0,485.0,476.1099853515625,479.4100036621094,184508
SYS,2023-01-03,484.95001220703125,485.0,478.75,482.760009765625,208569
SYS,2023-01-04,484.5,487.5,481.0,482.6300048828125,114409
SYS,2023-01-05,483.5,490.5,482.5,488.7900085449219,225989
SYS,2023-01-06,492.8500061035156,500.1600036621094,488.010009765625,496.8299865722656,630424
SYS,2023-01-09,496.79998779296875,500.489990234375,489.0,491.1600036621094,209418
SYS,2023-01-10,495.1099853515625,507.0,491.0,498.6700134277344,409589
SYS,2023-01-11,502.0,502.8999938964844,495.0,496.8500061035156,473189
SYS,2023-01-12,499.8500061035156,511.0,495.0299987792969,497.79998779296875,736603
SYS,2023-01-13,496.0,499.95001220703125,486.0,494.6300048828125,332388
SYS,2023-01-16,497.9800109863281,497.989990234375,484.5,487.510009765625,250608
SYS,2023-01-17,490.8900146484375,491.0,451.6199951171875,458.0400085449219,1039177
SYS,2023-01-18,458.20001220703125,484.0,458.20001220703125,480.7300109863281,499573
SYS,2023-01-19,481.989990234375,488.0,479.0,480.2900085449219,446402
SYS,2023-01-20,479.0,484.0,473.0,477.6000061035156,256925
SYS,2023-01-23,480.5,482.8999938964844,475.0,478.80999755859375,79845
SYS,2023-01-24,478.80999755859375,483.8500061035156,470.20001220703125,475.8299865722656,260335
SYS,2023-01-25,480.0,484.8999938964844,469.0,473.0799865722656,861650
SYS,2023-01-26,473.67999267578125,480.5,471.0,474.05999755859375,934245
SYS,2023-01-27,477.0,477.94000244140625,459.010009765625,461.9599914550781,1062121
SYS,2023-01-30,463.0,464.04998779296875,451.010009765625,452.1300048828125,350886
SYS,2023-01-31,458.0,462.95001220703125,453.0,458.0199890136719,688756
SYS,2023-02-01,460.010009765625,463.0,455.0,455.9700012207031,217983
SYS,2023-02-02,453.5,464.8999938964844,453.5,461.82000732421875,433983
SYS,2023-02-03,465.6499938964844,469.0,450.0,455.05999755859375,793417
SYS,2023-02-06,458.989990234375,460.0,454.5,457.6400146484375,586180
SYS,2023-02-07,458.75,488.1000061035156,456.04998779296875,482.9100036621094,1770068
SYS,2023-02-08,485.5,498.0,485.5,493.42999267578125,686338
SYS,2023-02-09,496.989990234375,500.0,485.75,488.7699890136719,802134
SYS,2023-02-10,487.1000061035156,489.0,480.0,485.5799865722656,682907
SYS,2023-02-13,481.010009765625,487.989990234375,470.7099914550781,472.3900146484375,309789
SYS,2023-02-14,476.8999938964844,476.8999938964844,460.2099914550781,461.54998779296875,480563
SYS,2023-02-15,459.0,476.0,458.5,473.2200012207031,456048
SYS,2023-02-16,475.1000061035156,483.3999938964844,472.0,474.04998779296875,538151
SYS,2023-02-17,476.989990234375,483.5,470.0,479.8800048828125,345703
SYS,2023-02-20,482.0,495.0,481.1000061035156,487.3500061035156,742849
SYS,2023-02-21,489.5,499.5,485.1000061035156,496.29998779296875,626151
SYS,2023-02-22,499.0,504.5,496.0,497.6000061035156,528514
SYS,2023-02-23,496.0,496.8999938964844,487.0,493.25,337554
SYS,2023-02-24,494.0,495.5,489.0400085449219,494.19000244140625,226807
SYS,2023-02-27,492.79998779296875,499.0,490.0,493.7200012207031,159271
SYS,2023-02-28,490.04998779296875,499.739990234375,475.8999938964844,479.4800109863281,612324
SYS,2023-03-01,478.989990234375,481.0,468.1000061035156,476.9100036621094,526911
SYS,2023-03-02,478.8900146484375,484.0,471.5,473.0400085449219,412386
SYS,2023-03-03,473.0,484.8500061035156,470.1099853515625,483.05999755859375,492129
SYS,2023-03-06,486.0,489.9700012207031,482.2200012207031,483.9200134277344,362806
SYS,2023-03-07,484.010009765625,487.5199890136719,481.05999755859375,485.67999267578125,229153
SYS,2023-03-08,487.5,491.0,486.8599853515625,487.2900085449219,181600
SYS,2023-03-09,488.8999938964844,491.0,486.0,487.0299987792969,260659
SYS,2023-03-10,487.1000061035156,493.989990234375,481.0,492.5299987792969,382764
SYS,2023-03-13,495.70001220703125,499.0,492.0,492.2799987792969,408102
SYS,2023-03-14,492.2099914550781,497.0,492.0,494.510009765625,286178
SYS,2023-03-15,492.1099853515625,495.95001220703125,484.0,489.2200012207031,337970
SYS,2023-03-16,488.8999938964844,492.44000244140625,483.6000061035156,484.6300048828125,426471
SYS,2023-03-17,484.6300048828125,489.0,459.5899963378906,466.25,4075478
SYS,2023-03-20,468.8999938964844,473.989990234375,467.8999938964844,470.8699951171875,232295
SYS,2023-03-21,472.9800109863281,473.0,468.0,469.6099853515625,194626
SYS,2023-03-22,470.0,471.489990234375,462.1000061035156,463.1499938964844,176961
SYS,2023-03-23,463.1499938964844,463.1499938964844,463.1499938964844,463.1499938964844,0
SYS,2023-03-24,467.5,467.5,456.0,457.6499938964844,84304
SYS,2023-03-27,459.8800048828125,468.0,459.0,467.1700134277344,147167
SYS,2023-03-28,468.0,469.0,464.1499938964844,465.9100036621094,90317
SYS,2023-03-29,466.010009765625,469.0,462.29998779296875,463.2300109863281,128805
SYS,2023-03-30,463.239990234375,464.75,460.0,462.2200012207031,163329
SYS,2023-03-31,464.0,464.0,461.0,462.05999755859375,148918
SYS,2023-04-03,464.989990234375,470.0,461.0,466.7200012207031,103617
SYS,2023-04-04,466.010009765625,467.0,465.0,465.6499938964844,57728
SYS,2023-04-05,468.9800109863281,469.0,465.0,467.0799865722656,100701
SYS,2023-04-06,468.8999938964844,473.0199890136719,467.5,472.05999755859375,110205
SYS,2023-04-07,475.25,475.25,468.1000061035156,469.1700134277344,59903
SYS,2023-04-10,469.9599914550781,469.9599914550781,463.010009765625,463.7799987792969,30130
SYS,2023-04-11,465.0,466.3999938964844,464.0,465.95001220703125,38760
SYS,2023-04-12,467.1000061035156,484.989990234375,467.1000061035156,483.0400085449219,416645
SYS,2023-04-13,487.0,490.0,482.0,482.8900146484375,226131
SYS,2023-04-14,482.8900146484375,482.8900146484375,482.8900146484375,482.8900146484375,0
SYS,2023-04-17,486.0,487.0,478.0,478.3299865722656,121171
SYS,2023-04-18,480.0,482.0,475.0,480.3500061035156,178608
SYS,2023-04-19,461.0,466.5,449.0,463.4200134277344,942217
SYS,2023-04-20,462.0,463.989990234375,457.3500061035156,462.4599914550781,258739
SYS,2023-04-21,462.4599914550781,462.4599914550781,462.4599914550781,462.4599914550781,0
SYS,2023-04-24,462.4599914550781,462.4599914550781,462.4599914550781,462.4599914550781,0
SYS,2023-04-25,462.4599914550781,462.4599914550781,462.4599914550781,462.4599914550781,0
SYS,2023-04-26,461.0,470.0,459.0,461.82000732421875,451019
SYS,2023-04-27,462.0,466.70001220703125,462.0,465.6499938964844,462347
SYS,2023-04-28,469.8999938964844,470.0,444.0,454.9200134277344,2027881
SYS,2023-05-01,454.9200134277344,454.9200134277344,454.9200134277344,454.9200134277344,0
SYS,2023-05-02,455.0,455.989990234375,447.0,449.8699951171875,677453
SYS,2023-05-03,450.0,452.0,438.5,440.4200134277344,580196
SYS,2023-05-04,439.9800109863281,450.0,428.5199890136719,448.3399963378906,1441953
SYS,2023-05-05,448.989990234375,451.0,441.1000061035156,442.260009765625,245999
SYS,2023-05-08,441.32000732421875,443.8900146484375,431.0,431.7300109863281,219468
SYS,2023-05-09,430.010009765625,434.95001220703125,422.510009765625,426.9200134277344,491230
SYS,2023-05-10,420.0,429.0,420.0,421.3500061035156,309451
SYS,2023-05-11,424.4700012207031,428.0,420.05999755859375,422.5,307459
SYS,2023-05-12,425.0,428.79998779296875,423.0,424.989990234375,379375
SYS,2023-05-15,421.1000061035156,425.0,418.1000061035156,424.0400085449219,177059
SYS,2023-05-16,427.0,428.79998779296875,422.0,423.05999755859375,181031
SYS,2023-05-17,426.8999938964844,426.8999938964844,417.1000061035156,417.9700012207031,149691
SYS,2023-05-18,420.0,421.3999938964844,401.55999755859375,407.17999267578125,306236
SYS,2023-05-19,408.0,411.5,402.0,405.7200012207031,392783
SYS,2023-05-22,406.0,406.0,397.0,400.9800109863281,376817
SYS,2023-05-23,398.0,408.0,398.0,402.7699890136719,504078
SYS,2023-05-24,405.1000061035156,406.8999938964844,399.010009765625,400.3999938964844,295363
SYS,2023-05-25,402.8999938964844,410.0,392.510009765625,399.4200134277344,428235
SYS,2023-05-26,405.0,405.0,388.5,393.05999755859375,651807
SYS,2023-05-29,389.0,409.1199951171875,389.0,405.7699890136719,751047
SYS,2023-05-30,406.0,416.3299865722656,403.6000061035156,414.3599853515625,800932
SYS,2023-05-31,414.989990234375,415.010009765625,400.0,402.9599914550781,876979
SYS,2023-06-01,403.0,409.489990234375,403.0,407.0400085449219,447927
SYS,2023-06-02,407.0,411.25,403.010009765625,406.9200134277344,433832
SYS,2023-06-05,409.0,409.0,404.1000061035156,406.5299987792969,173131
SYS,2023-06-06,407.8999938964844,410.5,404.0,404.5299987792969,390498
SYS,2023-06-07,407.5,419.25,407.0,414.5400085449219,743896
SYS,2023-06-08,415.5,416.0,406.989990234375,407.45001220703125,334779
SYS,2023-06-09,408.989990234375,418.8999938964844,407.5,415.4800109863281,323664
SYS,2023-06-12,415.010009765625,423.04998779296875,414.0,418.760009765625,350596
SYS,2023-06-13,417.0,421.8999938964844,409.5199890136719,410.5199890136719,201578
SYS,2023-06-14,412.0,413.8999938964844,406.010009765625,406.9599914550781,102328
SYS,2023-06-15,409.5,410.1000061035156,401.8999938964844,407.79998779296875,239484
SYS,2023-06-16,409.0,417.4800109863281,407.25,412.3999938964844,386436
SYS,2023-06-19,412.0,412.29998779296875,395.0,398.92999267578125,333232
SYS,2023-06-20,399.010009765625,403.5,397.0,402.42999267578125,133793
SYS,2023-06-21,404.0,404.5,395.0,397.67999267578125,154424
SYS,2023-06-22,398.0,405.8999938964844,398.0,400.54998779296875,258404
SYS,2023-06-23,401.0,402.0,396.1499938964844,397.4100036621094,111809
SYS,2023-06-26,398.1099853515625,410.29998779296875,398.1099853515625,407.8900146484375,206355
SYS,2023-06-27,408.0,408.5,402.0,403.3299865722656,199153
SYS,2023-06-28,403.3299865722656,403.3299865722656,403.3299865722656,403.3299865722656,0
SYS,2023-06-29,403.3299865722656,403.3299865722656,403.3299865722656,403.3299865722656,0
SYS,2023-06-30,403.3299865722656,403.3299865722656,403.3299865722656,403.3299865722656,0
SYS,2023-07-03,432.9800109863281,433.5799865722656,416.0,433.2799987792969,673695
SYS,2023-07-04,436.1199951171875,447.75,425.5,443.9700012207031,1478311
SYS,2023-07-05,443.0,458.25,442.1000061035156,456.1300048828125,1163315
SYS,2023-07-06,456.0,459.010009765625,448.25,453.7300109863281,363797
SYS,2023-07-07,449.010009765625,462.0,449.010009765625,457.69000244140625,807792
SYS,2023-07-10,459.0,461.0,455.0199890136719,457.1700134277344,222608
SYS,2023-07-11,458.04998779296875,461.4800109863281,453.0,456.5199890136719,338683
SYS,2023-07-12,456.5,459.5,454.0,457.20001220703125,272012
SYS,2023-07-13,465.0,465.0,444.0,445.3800048828125,416242
SYS,2023-07-14,442.239990234375,448.8999938964844,441.0,442.1000061035156,81274
SYS,2023-07-17,440.0,440.0,429.9599914550781,432.7900085449219,452189
SYS,2023-07-18,432.9800109863281,435.5,426.0,430.5199890136719,245942
SYS,2023-07-19,430.54998779296875,438.25,426.04998779296875,428.7099914550781,376754
SYS,2023-07-20,426.1000061035156,434.989990234375,426.1000061035156,432.8599853515625,180936
SYS,2023-07-21,436.6000061035156,446.5,434.1000061035156,439.7200012207031,376929
SYS,2023-07-24,440.1600036621094,445.9700012207031,436.0,438.1000061035156,149266
SYS,2023-07-25,441.0,447.5,438.0,441.2200012207031,287375
SYS,2023-07-26,443.0,449.8999938964844,442.0,442.9800109863281,212845
SYS,2023-07-27,442.9800109863281,442.9800109863281,442.9800109863281,442.9800109863281,0
SYS,2023-07-28,442.9800109863281,442.9800109863281,442.9800109863281,442.9800109863281,0
SYS,2023-07-31,438.0,445.6000061035156,438.0,444.4200134277344,284852
SYS,2023-08-01,448.0,449.8999938964844,445.0199890136719,446.9200134277344,200721
SYS,2023-08-02,446.510009765625,454.9800109863281,446.510009765625,453.0899963378906,321800
SYS,2023-08-03,454.0,455.75,445.1600036621094,449.2300109863281,290291
SYS,2023-08-04,450.0,450.0,443.0,444.25,84465
SYS,2023-08-07,442.510009765625,446.0,439.0,441.75,154228
SYS,2023-08-08,439.5199890136719,443.0,430.0,431.5799865722656,81783
SYS,2023-08-09,431.04998779296875,435.0,428.0,431.4599914550781,148768
SYS,2023-08-10,434.0,434.8999938964844,423.0,424.8299865722656,107908
SYS,2023-08-11,429.0,431.5,421.1000061035156,425.6000061035156,170867
SYS,2023-08-14,425.6000061035156,425.6000061035156,425.6000061035156,425.6000061035156,0
SYS,2023-08-15,428.0,455.0,426.5,446.3299865722656,507246
SYS,2023-08-16,447.0,453.9800109863281,445.5,450.07000732421875,568355
SYS,2023-08-17,450.5,475.0,448.1499938964844,466.0400085449219,920006
SYS,2023-08-18,471.0,476.54998779296875,460.5,464.70001220703125,410510
SYS,2023-08-21,465.0,467.5,458.0,464.45001220703125,311171
SYS,2023-08-22,465.0,467.0,461.0,463.3900146484375,88998
SYS,2023-08-23,464.0199890136719,466.9800109863281,455.0,459.54998779296875,221869
SYS,2023-08-24,460.1000061035156,475.0,459.55999755859375,467.19000244140625,402591
SYS,2023-08-25,464.1499938964844,470.0,462.0,467.2799987792969,158541
SYS,2023-08-28,465.1000061035156,472.5,464.1000061035156,465.3299865722656,138534
SYS,2023-08-29,440.0,448.0,430.42999267578125,430.8900146484375,1665723
SYS,2023-08-30,429.0,439.5,423.79998779296875,426.9700012207031,315307
SYS,2023-08-31,428.0,431.9700012207031,422.1000061035156,429.4200134277344,295717
SYS,2023-09-01,430.0,430.1000061035156,426.0,429.760009765625,111895
SYS,2023-09-04,430.0,432.45001220703125,421.2200012207031,431.29998779296875,126612
SYS,2023-09-05,431.989990234375,437.79998779296875,428.0,428.95001220703125,74136
SYS,2023-09-06,431.0,432.5,427.010009765625,431.69000244140625,50771
SYS,2023-09-07,431.0,433.9800109863281,427.5,428.44000244140625,65035
SYS,2023-09-08,428.0,437.0,428.0,434.2799987792969,95467
SYS,2023-09-11,436.5,439.0,431.0,432.3900146484375,134437
SYS,2023-09-12,434.0,435.79998779296875,428.0,429.0299987792969,47819
SYS,2023-09-13,430.44000244140625,431.94000244140625,428.260009765625,429.0199890136719,69390
SYS,2023-09-14,430.010009765625,431.239990234375,429.0,430.1099853515625,48486
SYS,2023-09-15,434.989990234375,435.5,429.0,432.2799987792969,260489
SYS,2023-09-18,430.989990234375,436.75,430.1099853515625,435.25,100095
SYS,2023-09-19,435.2300109863281,436.8900146484375,432.0,433.75,90266
SYS,2023-09-20,435.95001220703125,435.95001220703125,429.0,429.8599853515625,43723
SYS,2023-09-21,430.20001220703125,431.0,427.75,429.3399963378906,66774
SYS,2023-09-22,430.4800109863281,432.8999938964844,425.5,426.69000244140625,78703
SYS,2023-09-25,425.20001220703125,430.0,421.0,422.8900146484375,140818
SYS,2023-09-26,425.95001220703125,425.95001220703125,417.5,418.8900146484375,270404
SYS,2023-09-27,419.0,419.010009765625,410.010009765625,411.1499938964844,239688
SYS,2023-09-28,411.1499938964844,411.1499938964844,411.1499938964844,411.1499938964844,0
SYS,2023-09-29,411.1499938964844,411.1499938964844,411.1499938964844,411.1499938964844,0
SYS,2023-10-02,395.9800109863281,409.79998779296875,395.9800109863281,408.42999267578125,618214
SYS,2023-10-03,410.0,413.2699890136719,405.0199890136719,406.30999755859375,185222
SYS,2023-10-04,409.0,409.0,401.6000061035156,402.3800048828125,219308
SYS,2023-10-05,405.0,406.95001220703125,401.20001220703125,402.1400146484375,139138
SYS,2023-10-06,405.79998779296875,409.989990234375,403.0,406.3800048828125,384101
SYS,2023-10-09,406.3800048828125,408.489990234375,402.0,405.1700134277344,99388
SYS,2023-10-10,406.0199890136719,408.6000061035156,403.5,404.2699890136719,174246
SYS,2023-10-11,407.260009765625,415.79998779296875,402.5,405.1600036621094,837964
SYS,2023-10-12,407.8500061035156,410.0,404.510009765625,408.1700134277344,683208
SYS,2023-10-13,411.0,414.5,407.79998779296875,409.44000244140625,698323
SYS,2023-10-16,410.010009765625,414.8699951171875,405.0,412.760009765625,715217
SYS,2023-10-17,412.5,414.8699951171875,407.0,409.2900085449219,550269
SYS,2023-10-18,409.510009765625,417.5,408.3999938964844,411.70001220703125,455288
SYS,2023-10-19,412.5,417.5,412.0,415.9100036621094,378684
SYS,2023-10-20,417.0,424.0,413.82000732421875,418.19000244140625,544969
SYS,2023-10-23,419.9800109863281,422.0,415.0,415.489990234375,190079
SYS,2023-10-24,417.95001220703125,417.95001220703125,411.510009765625,414.0899963378906,151364
SYS,2023-10-25,414.0,434.8900146484375,410.5,431.57000732421875,1715238
SYS,2023-10-26,434.57000732421875,436.0,428.0,432.07000732421875,1084532
SYS,2023-10-27,425.9599914550781,432.0,409.2200012207031,413.8999938964844,899215
SYS,2023-10-30,410.04998779296875,414.489990234375,409.32000732421875,410.3900146484375,353639
SYS,2023-10-31,413.5,419.45001220703125,410.0199890136719,415.010009765625,357346
SYS,2023-11-01,418.0,423.0,415.0,419.45001220703125,322176
SYS,2023-11-02,420.9700012207031,424.95001220703125,416.0,417.3599853515625,346658
SYS,2023-11-03,422.0,422.0,417.0,420.7300109863281,432522
SYS,2023-11-06,423.0,424.0,417.79998779296875,418.25,1138332
SYS,2023-11-07,417.1600036621094,425.0,417.1600036621094,420.1700134277344,703290
SYS,2023-11-08,417.1700134277344,424.75,417.1700134277344,421.2900085449219,495857
SYS,2023-11-09,421.2900085449219,421.2900085449219,421.2900085449219,421.2900085449219,0
SYS,2023-11-10,421.29998779296875,430.25,420.0,422.9800109863281,638750
SYS,2023-11-13,425.0,428.3999938964844,423.0,425.2200012207031,549467
SYS,2023-11-14,425.92999267578125,438.70001220703125,425.0,435.3800048828125,1071785
SYS,2023-11-15,438.489990234375,441.989990234375,433.0,435.2699890136719,561410
SYS,2023-11-16,437.0,441.0,434.6000061035156,438.3299865722656,393858
SYS,2023-11-17,440.0,449.989990234375,440.0,443.3399963378906,478955
SYS,2023-11-20,445.0,445.0,437.2099914550781,437.9700012207031,271103
SYS,2023-11-21,440.0,445.0,438.0299987792969,439.489990234375,565852
SYS,2023-11-22,438.5,442.20001220703125,437.20001220703125,440.29998779296875,334282
SYS,2023-11-23,443.0,464.70001220703125,443.0,461.1199951171875,1409937
SYS,2023-11-24,465.0,482.0,465.0,468.8900146484375,1028170
SYS,2023-11-27,474.79998779296875,474.79998779296875,460.0,462.55999755859375,380200
SYS,2023-11-28,462.75,468.0,450.5,455.7799987792969,454057
SYS,2023-11-29,458.79998779296875,463.5,451.0199890136719,457.2900085449219,578406
SYS,2023-11-30,458.0,463.0,453.9100036621094,460.7200012207031,235335
SYS,2023-12-01,459.0,466.9800109863281,459.0,464.30999755859375,244963
SYS,2023-12-04,464.32000732421875,474.0,462.3999938964844,464.9100036621094,356764
SYS,2023-12-05,466.0299987792969,467.010009765625,455.5,459.80999755859375,448395
SYS,2023-12-06,462.010009765625,477.70001220703125,462.010009765625,472.2699890136719,1020314
SYS,2023-12-07,476.010009765625,480.0,463.0,467.1099853515625,517881
SYS,2023-12-08,468.010009765625,470.0,461.5,462.9200134277344,789675
SYS,2023-12-11,465.0,469.3800048828125,457.0,464.489990234375,397346
SYS,2023-12-12,465.6600036621094,468.29998779296875,461.9700012207031,462.3699951171875,216120
SYS,2023-12-13,464.989990234375,465.0,451.0,453.42999267578125,267678
SYS,2023-12-14,453.0,463.0,440.010009765625,452.9800109863281,403796
SYS,2023-12-15,456.989990234375,456.989990234375,448.0,452.2900085449219,242038
SYS,2023-12-18,452.989990234375,457.0199890136719,446.6199951171875,447.6000061035156,227111
SYS,2023-12-19,446.010009765625,449.95001220703125,429.1000061035156,430.5299987792969,531256
SYS,2023-12-20,432.0,434.8800048828125,422.010009765625,431.1000061035156,368707
SYS,2023-12-21,432.1499938964844,433.75,424.0,428.54998779296875,241159
SYS,2023-12-22,432.0,435.0,420.0,422.3399963378906,282998
SYS,2023-12-25,422.3399963378906,422.3399963378906,422.3399963378906,422.3399963378906,0
SYS,2023-12-26,423.0,423.4800109863281,409.0,414.6700134277344,253861
SYS,2023-12-27,415.0,436.8999938964844,410.0,432.3699951171875,381768
SYS,2023-12-28,435.9700012207031,444.3999938964844,419.010009765625,425.04998779296875,719303
SYS,2023-12-29,427.0799865722656,428.8999938964844,420.0,423.55999755859375,216382
SYS,2024-01-01,426.0,449.5,424.8900146484375,447.75,483450
SYS,2024-01-02,445.0,449.8999938964844,437.0,441.0799865722656,197802
SYS,2024-01-03,441.0,442.20001220703125,436.5,437.1300048828125,233563
SYS,2024-01-04,437.0,438.0,430.0,431.7900085449219,152811
SYS,2024-01-05,431.0,434.0,420.0,430.5400085449219,150448
SYS,2024-01-08,433.0,433.45001220703125,427.0,428.9100036621094,108916
SYS,2024-01-09,430.70001220703125,430.70001220703125,421.6099853515625,424.9599914550781,194307
SYS,2024-01-10,425.1000061035156,427.8800048828125,422.0,424.239990234375,128903
SYS,2024-01-11,426.0,431.19000244140625,423.0,424.5400085449219,189540
SYS,2024-01-12,426.0,427.79998779296875,419.54998779296875,422.44000244140625,124866
SYS,2024-01-15,425.5,425.95001220703125,415.0,417.6000061035156,102398
SYS,2024-01-16,418.0,423.0,415.0,420.1000061035156,107196
SYS,2024-01-17,422.7900085449219,423.5,415.20001220703125,416.5400085449219,83825
SYS,2024-01-18,417.0,417.70001220703125,411.0,413.8500061035156,106852
SYS,2024-01-19,413.1000061035156,418.989990234375,412.0,412.67999267578125,133069
SYS,2024-01-22,412.0,414.3999938964844,410.0,412.75,80208
SYS,2024-01-23,413.0,414.0,407.1300048828125,409.6300048828125,417235
SYS,2024-01-24,409.989990234375,422.489990234375,409.0,409.8500061035156,722358
SYS,2024-01-25,413.0,413.3999938964844,405.0,405.8699951171875,371979
SYS,2024-01-26,405.0,406.0,399.0,400.17999267578125,515669
SYS,2024-01-29,404.1700134277344,404.1700134277344,392.0,392.95001220703125,746886
SYS,2024-01-30,394.0,402.0,391.0,392.5899963378906,424273
SYS,2024-01-31,396.8599853515625,397.95001220703125,393.0,393.54998779296875,472749
SYS,2024-02-01,395.0,397.239990234375,393.94000244140625,395.3900146484375,190689
SYS,2024-02-02,395.5,399.0,395.5,397.5,215477
SYS,2024-02-06,397.95001220703125,397.95001220703125,393.45001220703125,394.1400146484375,166267
SYS,2024-02-07,395.79998779296875,397.3299865722656,394.1499938964844,395.1000061035156,366814
SYS,2024-02-08,395.1000061035156,395.1000061035156,395.1000061035156,395.1000061035156,0
SYS,2024-02-09,390.5,394.5,370.0,389.7699890136719,369837
SYS,2024-02-12,389.79998779296875,390.0,375.1000061035156,381.1400146484375,337292
SYS,2024-02-13,380.0,386.0,374.0,380.17999267578125,368017
SYS,2024-02-14,381.0,396.0,381.0,389.989990234375,509549
SYS,2024-02-15,391.0,394.5,379.010009765625,382.04998779296875,297485
SYS,2024-02-16,377.0,379.94000244140625,368.0,370.8699951171875,403248
SYS,2024-02-19,365.0,377.9800109863281,361.0,370.8599853515625,281412
SYS,2024-02-20,374.8999938964844,381.5,373.0,379.30999755859375,467081
SYS,2024-02-21,383.0,389.82000732421875,382.05999755859375,387.3699951171875,650265
SYS,2024-02-22,390.0,416.4200134277344,389.8999938964844,410.3999938964844,1406023
SYS,2024-02-23,412.0,412.0,402.010009765625,408.6199951171875,255195
SYS,2024-02-26,408.6300048828125,419.989990234375,408.6300048828125,414.17999267578125,471070
SYS,2024-02-27,417.0,422.489990234375,410.1000061035156,413.510009765625,729056
SYS,2024-02-28,410.20001220703125,414.0,407.5,408.6000061035156,288819
SYS,2024-02-29,408.6000061035156,412.5,408.0,409.9800109863281,243296
SYS,2024-03-01,411.94000244140625,413.0,405.04998779296875,407.989990234375,195301
SYS,2024-03-04,408.8900146484375,415.0,408.54998779296875,412.4599914550781,326937
SYS,2024-03-05,413.70001220703125,415.4800109863281,407.989990234375,412.0199890136719,1116095
SYS,2024-03-06,414.95001220703125,415.0,408.0,409.29998779296875,569255
SYS,2024-03-07,410.0,411.0,403.0,408.29998779296875,569733
SYS,2024-03-08,410.0,411.75,408.0,409.1199951171875,1206260
SYS,2024-03-11,410.989990234375,412.9700012207031,407.0,408.6000061035156,476604
SYS,2024-03-12,408.6000061035156,411.8900146484375,402.0,404.4100036621094,200285
SYS,2024-03-13,405.0,407.6000061035156,399.5,399.9100036621094,183216
SYS,2024-03-14,401.0,410.0,400.95001220703125,408.2300109863281,182429
SYS,2024-03-15,410.0,412.8999938964844,405.0,410.1499938964844,558551
SYS,2024-03-18,412.5299987792969,414.0,403.5,404.5,300974
SYS,2024-03-19,407.760009765625,407.760009765625,401.0,402.30999755859375,151296
SYS,2024-03-20,404.0,406.5,401.010009765625,402.20001220703125,320871
SYS,2024-03-21,403.5,405.989990234375,390.0,394.7799987792969,282683
SYS,2024-03-22,397.0,400.0,395.0,395.94000244140625,157053
SYS,2024-03-26,390.989990234375,391.0,386.6600036621094,390.1400146484375,166544
SYS,2024-03-27,390.989990234375,393.6000061035156,389.5199890136719,392.010009765625,175882
SYS,2024-03-28,393.0,394.0,388.0,388.80999755859375,340310
SYS,2024-03-29,390.0,391.0,385.0,385.3800048828125,295432
SYS,2024-04-01,385.3999938964844,385.79998779296875,378.8999938964844,379.7300109863281,368793
SYS,2024-04-02,379.9200134277344,393.0,379.54998779296875,390.57000732421875,173462
SYS,2024-04-03,389.489990234375,389.489990234375,383.0,385.6199951171875,68218
SYS,2024-04-04,385.010009765625,396.0,385.0,394.2799987792969,373211
SYS,2024-04-08,399.0,419.0,399.0,409.25,840001
SYS,2024-04-09,411.0,413.0,403.04998779296875,404.8800048828125,283776
SYS,2024-04-15,405.25,405.25,396.3500061035156,397.3399963378906,185777
SYS,2024-04-16,398.0,408.489990234375,396.010009765625,398.67999267578125,374088
SYS,2024-04-17,398.0,401.5199890136719,397.0,397.989990234375,147640
SYS,2024-04-18,398.0,400.8999938964844,393.75,396.6300048828125,163444
SYS,2024-04-19,395.1199951171875,402.0,390.1000061035156,393.3399963378906,221829
SYS,2024-04-22,394.010009765625,402.8399963378906,393.0,397.0400085449219,517292
SYS,2024-04-23,399.9800109863281,407.0,397.0,398.69000244140625,590096
SYS,2024-04-24,399.9800109863281,405.489990234375,399.0,404.57000732421875,641121
SYS,2024-04-25,405.0,408.8999938964844,402.0,403.2099914550781,442432
SYS,2024-04-26,405.989990234375,406.010009765625,401.0,403.4700012207031,244525
SYS,2024-04-29,408.0,411.0,401.0,402.1700134277344,663295
SYS,2024-04-30,397.0,397.0,385.04998779296875,387.1000061035156,748602
SYS,2024-05-02,390.0,390.010009765625,377.1099853515625,379.4800109863281,410013
SYS,2024-05-03,379.8900146484375,382.54998779296875,377.0,381.6400146484375,270163
SYS,2024-05-06,382.0,385.0,379.0299987792969,379.82000732421875,274829
SYS,2024-05-07,382.79998779296875,385.29998779296875,379.5,380.4700012207031,377478
SYS,2024-05-08,382.94000244140625,384.9700012207031,380.1199951171875,382.2099914550781,169739
SYS,2024-05-09,383.0,390.8999938964844,382.04998779296875,389.0199890136719,203844
SYS,2024-05-10,390.8999938964844,390.8999938964844,385.0,388.44000244140625,139032
SYS,2024-05-13,388.45001220703125,390.2300109863281,385.1499938964844,388.7699890136719,186002
SYS,2024-05-14,388.0,389.70001220703125,385.45001220703125,388.82000732421875,386879
SYS,2024-05-15,389.8999938964844,395.0,388.0,390.010009765625,185914
SYS,2024-05-16,391.29998779296875,397.5,389.0,396.19000244140625,810157
SYS,2024-05-17,397.0,404.4800109863281,394.0,398.4100036621094,271837
SYS,2024-05-20,404.0,416.29998779296875,401.20001220703125,407.5899963378906,1249130
SYS,2024-05-21,406.0,412.45001220703125,406.0,411.05999755859375,409440
SYS,2024-05-22,412.0,429.8500061035156,411.5,424.7699890136719,2694847
SYS,2024-05-23,427.0,429.75,421.0,423.75,527404
SYS,2024-05-24,423.75,427.5,422.20001220703125,425.8800048828125,489452
SYS,2024-05-27,423.0,435.1499938964844,423.0,430.75,624222
SYS,2024-05-28,430.75,430.75,430.75,430.75,0
SYS,2024-05-29,432.7900085449219,432.989990234375,422.0,427.5400085449219,544111
SYS,2024-05-30,426.0199890136719,428.0,424.0,427.1199951171875,343182
SYS,2024-05-31,427.70001220703125,461.2900085449219,427.70001220703125,457.9800109863281,3195145
SYS,2024-06-03,458.0,460.0,445.5,447.2699890136719,732881
SYS,2024-06-04,446.7799987792969,448.0,426.57000732421875,427.9200134277344,436383
SYS,2024-06-05,429.0,438.0,422.0,426.1600036621094,472974
SYS,2024-06-06,428.0,440.5,427.0,430.3399963378906,268507
SYS,2024-06-07,425.1099853515625,445.5,413.29998779296875,435.5899963378906,932025
SYS,2024-06-10,442.0,443.239990234375,431.0,437.8500061035156,549233
SYS,2024-06-11,441.8999938964844,441.8999938964844,422.0,424.17999267578125,225129
SYS,2024-06-12,425.1000061035156,435.0,420.0,430.2099914550781,150086
SYS,2024-06-13,430.1600036621094,452.0,430.1600036621094,444.57000732421875,695304
SYS,2024-06-14,448.0,448.8999938964844,436.0199890136719,437.80999755859375,165427
SYS,2024-06-20,438.0,445.70001220703125,433.0,435.1000061035156,183967
SYS,2024-06-21,439.8699951171875,439.8699951171875,424.04998779296875,425.9800109863281,198399
SYS,2024-06-24,426.0,426.5,420.010009765625,420.94000244140625,106879
SYS,2024-06-25,421.7900085449219,426.32000732421875,420.0,421.510009765625,223110
SYS,2024-06-26,420.1600036621094,426.25,419.25,421.8699951171875,189799
SYS,2024-06-27,424.8999938964844,425.0,420.0,422.32000732421875,109542
SYS,2024-06-28,422.32000732421875,424.9800109863281,416.0199890136719,418.29998779296875,134655
SYS,2024-07-01,424.8999938964844,424.8999938964844,415.0,417.8500061035156,262152
SYS,2024-07-02,419.0,426.0,417.0,420.5400085449219,592000
SYS,2024-07-03,420.0,431.95001220703125,420.0,428.8500061035156,380763
SYS,2024-07-04,429.0,435.0,424.0,430.8800048828125,288788
SYS,2024-07-05,432.5,435.0,422.0,427.79998779296875,238745
SYS,2024-07-08,430.0,432.0,425.0,426.5299987792969,58355
SYS,2024-07-09,428.0,429.0,420.04998779296875,425.2900085449219,231552
SYS,2024-07-10,425.30999755859375,437.8900146484375,424.1099853515625,427.29998779296875,369477
SYS,2024-07-11,429.989990234375,449.8399963378906,427.5,440.3800048828125,1268463
SYS,2024-07-12,441.8900146484375,449.0,425.0,440.8900146484375,471266
SYS,2024-07-15,445.010009765625,473.4100036621094,445.010009765625,464.0199890136719,3101727
SYS,2024-07-16,464.0199890136719,464.0199890136719,464.0199890136719,464.0199890136719,0
SYS,2024-07-17,464.0199890136719,464.0199890136719,464.0199890136719,464.0199890136719,0
SYS,2024-07-18,470.0,475.0,464.8900146484375,467.94000244140625,1527203
SYS,2024-07-19,468.0,468.0,445.010009765625,451.7799987792969,848631
SYS,2024-07-22,448.0,454.5400085449219,437.0,447.3999938964844,426413
SYS,2024-07-23,449.9800109863281,456.0,447.29998779296875,451.19000244140625,260549
SYS,2024-07-24,451.0,452.489990234375,445.1000061035156,450.0,310424
SYS,2024-07-25,451.95001220703125,454.0,437.5,439.7099914550781,219317
SYS,2024-07-26,439.9599914550781,439.9599914550781,432.989990234375,434.19000244140625,250613
SYS,2024-07-29,433.0,446.1300048828125,400.20001220703125,432.20001220703125,202206
SYS,2024-07-30,433.0,438.0,425.0,429.1400146484375,127094
SYS,2024-07-31,425.010009765625,431.0,415.0,416.44000244140625,335900
SYS,2024-08-01,417.0,424.0,415.05999755859375,418.4599914550781,59716
SYS,2024-08-02,419.79998779296875,426.489990234375,419.0,423.8800048828125,96828
SYS,2024-08-05,421.0,423.95001220703125,410.0,411.2699890136719,319097
SYS,2024-08-06,413.0,420.0,413.0,417.8500061035156,69237
SYS,2024-08-07,422.5,425.0,418.5199890136719,421.05999755859375,153286
SYS,2024-08-08,418.0,430.0,418.0,427.44000244140625,148286
SYS,2024-08-09,421.05999755859375,437.0,421.05999755859375,434.95001220703125,151825
SYS,2024-08-12,437.1000061035156,437.1000061035156,420.9700012207031,424.260009765625,65362
SYS,2024-08-13,421.010009765625,435.0,421.010009765625,423.6700134277344,42325
SYS,2024-08-15,428.0,430.0,425.1000061035156,428.3299865722656,44827
SYS,2024-08-16,429.989990234375,431.9800109863281,426.239990234375,427.989990234375,165652
SYS,2024-08-19,425.1000061035156,431.010009765625,424.0,426.94000244140625,67830
SYS,2024-08-20,426.92999267578125,428.0,418.0,422.70001220703125,96891
SYS,2024-08-21,425.8800048828125,425.8800048828125,410.5,418.75,193308
SYS,2024-08-22,420.0,421.8500061035156,417.5,420.6199951171875,64599
SYS,2024-08-23,420.25,425.0,418.0,420.6400146484375,103693
SYS,2024-08-26,423.8800048828125,423.8800048828125,420.0,422.0,41274
SYS,2024-08-27,423.0,423.75,418.1000061035156,422.7200012207031,538759
SYS,2024-08-28,425.0,425.0,418.989990234375,422.5299987792969,651744
SYS,2024-08-29,419.25,419.25,410.20001220703125,416.32000732421875,562351
SYS,2024-08-30,419.92999267578125,419.92999267578125,416.32000732421875,417.8800048828125,265317
SYS,2024-09-02,417.8800048828125,417.8800048828125,411.0,413.69000244140625,765276
SYS,2024-09-03,414.8999938964844,415.0,411.0,412.8599853515625,41744
SYS,2024-09-04,414.0,416.0,412.0,413.17999267578125,48096
SYS,2024-09-05,415.0,417.95001220703125,410.0,412.30999755859375,1233858
SYS,2024-09-06,412.5199890136719,416.9800109863281,409.9800109863281,411.25,1170765
SYS,2024-09-09,412.010009765625,417.989990234375,410.0,411.9800109863281,718174
SYS,2024-09-10,413.8999938964844,416.0,410.260009765625,411.6199951171875,1356673
SYS,2024-09-11,413.94000244140625,413.94000244140625,409.4200134277344,411.0,279447
SYS,2024-09-12,412.989990234375,414.5,409.0199890136719,411.0,227409
SYS,2024-09-13,413.1000061035156,416.2200012207031,409.5,410.3999938964844,511826
SYS,2024-09-16,414.69000244140625,414.69000244140625,410.1099853515625,412.1300048828125,112183
SYS,2024-09-17,412.1300048828125,412.1300048828125,412.1300048828125,412.1300048828125,0
SYS,2024-09-18,412.989990234375,414.4800109863281,411.75,412.8399963378906,245193
SYS,2024-09-19,413.0,420.1000061035156,412.0,415.0,680736
SYS,2024-09-20,416.0,419.989990234375,410.5,418.6700134277344,475370
SYS,2024-09-23,419.0,419.0,413.0,414.04998779296875,69818
SYS,2024-09-24,417.8399963378906,417.8399963378906,409.0,410.989990234375,1037005
SYS,2024-09-25,414.75,414.75,409.0,409.9800109863281,2513871
SYS,2024-09-26,410.04998779296875,411.0,405.0,405.4800109863281,121270
SYS,2024-09-27,406.95001220703125,408.0,403.25,405.44000244140625,54186
SYS,2024-09-30,407.9800109863281,407.989990234375,400.010009765625,405.8900146484375,43229
SYS,2024-10-01,408.8999938964844,409.8999938964844,403.04998779296875,405.4800109863281,40264
SYS,2024-10-02,407.989990234375,407.989990234375,403.0,406.4800109863281,100268
SYS,2024-10-03,405.1000061035156,409.5,405.1000061035156,408.32000732421875,38990
SYS,2024-10-04,408.0,414.0,407.5,412.7699890136719,134916
SYS,2024-10-07,411.0,416.0,410.5,415.1300048828125,344074
SYS,2024-10-08,416.0,419.989990234375,410.010009765625,412.92999267578125,162343
SYS,2024-10-09,412.92999267578125,412.92999267578125,412.92999267578125,412.92999267578125,0
SYS,2024-10-10,416.0,417.0,413.0199890136719,415.25,162830
SYS,2024-10-11,418.0,422.8800048828125,415.0,416.9700012207031,309706
SYS,2024-10-14,416.9700012207031,418.0,412.0,413.95001220703125,308628
SYS,2024-10-15,414.1499938964844,416.0,411.0,414.0799865722656,161013
SYS,2024-10-16,414.0,415.5,413.0,414.0299987792969,75330
SYS,2024-10-17,415.0,416.0,413.0,414.010009765625,76974
SYS,2024-10-18,414.989990234375,414.989990234375,413.0,414.1199951171875,68097
SYS,2024-10-21,414.989990234375,416.0,413.95001220703125,415.1700134277344,30587
SYS,2024-10-22,419.989990234375,454.0,419.989990234375,446.07000732421875,1048076
SYS,2024-10-23,450.0,468.0,446.07000732421875,454.2300109863281,982610
SYS,2024-10-24,454.0,454.0,445.010009765625,447.260009765625,142712
SYS,2024-10-25,446.1000061035156,450.0,430.010009765625,445.0899963378906,162556
SYS,2024-10-28,445.0899963378906,472.79998779296875,440.010009765625,463.8500061035156,408934
SYS,2024-10-29,469.0,489.9800109863281,467.0,486.5299987792969,1043540
SYS,2024-10-30,490.0,510.0,490.0,506.3399963378906,1645641
SYS,2024-10-31,509.989990234375,510.0,490.5,493.1700134277344,749661
SYS,2024-11-01,494.0,509.8800048828125,476.510009765625,503.6300048828125,336834
SYS,2024-11-04,508.010009765625,553.989990234375,505.0,550.719970703125,891573
SYS,2024-11-05,567.0,578.0,546.0,557.8699951171875,548642
SYS,2024-11-06,550.0,552.5,524.0,531.6599731445312,498951
SYS,2024-11-07,538.8800048828125,539.9600219726562,517.5,520.7999877929688,122377
SYS,2024-11-08,517.0499877929688,528.7999877929688,515.5,521.5700073242188,222562
SYS,2024-11-11,522.0,530.0,522.0,526.760009765625,203433
SYS,2024-11-12,527.7000122070312,527.7000122070312,515.0,518.9099731445312,114910
SYS,2024-11-13,518.9099731445312,519.8900146484375,514.0,517.2999877929688,103726
SYS,2024-11-14,520.0,520.0,505.0,510.2200012207031,99532
SYS,2024-11-15,510.2300109863281,518.989990234375,509.0,513.0700073242188,118829
SYS,2024-11-18,514.989990234375,516.5,505.20001220703125,507.29998779296875,111288
SYS,2024-11-19,510.0,554.9000244140625,510.0,551.0,743944
SYS,2024-11-20,557.0,557.0,521.0,528.9500122070312,444000
SYS,2024-11-21,528.9500122070312,530.0,520.0,525.4199829101562,77847
SYS,2024-11-22,525.4000244140625,534.0,511.0,513.2999877929688,239820
SYS,2024-11-25,515.010009765625,528.2999877929688,514.0,523.5,108438
SYS,2024-11-26,523.5,523.5,500.0,505.2300109863281,324927
SYS,2024-11-27,515.0,550.0,515.0,544.719970703125,620242
SYS,2024-11-28,547.1300048828125,559.0,540.5,554.3900146484375,708547
SYS,2024-11-29,558.0,577.9000244140625,547.0,557.97998046875,549220
SYS,2024-12-02,562.0,573.0,562.0,566.47998046875,130949
SYS,2024-12-03,566.47998046875,568.9000244140625,541.0,560.77001953125,123000
SYS,2024-12-04,560.8800048828125,561.0900268554688,552.0,560.8300170898438,512629
SYS,2024-12-05,560.8300170898438,581.0,555.0,579.0,594336
SYS,2024-12-06,565.1099853515625,581.0,565.0,568.9500122070312,220458
SYS,2024-12-09,580.0,605.0,570.010009765625,593.8400268554688,581475
SYS,2024-12-10,599.0,608.0,583.0,600.72998046875,489141
SYS,2024-12-11,605.0,613.0,600.0,602.010009765625,172347
SYS,2024-12-12,603.5,647.0,591.0,631.5700073242188,477091
SYS,2024-12-13,643.0,647.0,614.0,627.489990234375,498077
SYS,2024-12-16,630.02001953125,638.22998046875,612.0,622.280029296875,380606
SYS,2024-12-17,624.0,624.0,590.0,603.6699829101562,395937
SYS,2024-12-18,592.1099853515625,615.4600219726562,580.0,580.5700073242188,354804
SYS,2024-12-19,578.1500244140625,592.8800048828125,525.5999755859375,552.77001953125,599961
SYS,2024-12-20,552.8099975585938,608.0499877929688,552.77001953125,599.780029296875,721972
SYS,2024-12-23,601.0,630.0,576.6199951171875,620.0499877929688,331412
SYS,2024-12-24,642.0,642.0,606.0,612.8699951171875,272101
SYS,2024-12-26,612.8699951171875,612.8699951171875,584.0,587.239990234375,366916
SYS,2024-12-27,600.0,600.0,576.0,583.8699951171875,198033
SYS,2024-12-30,590.0,620.0,587.0,616.47998046875,316179
SYS,2024-12-31,616.47998046875,623.989990234375,608.010009765625,621.4500122070312,590214
SYS,2025-01-01,621.4500122070312,621.4500122070312,621.4500122070312,621.4500122070312,0
SYS,2025-01-02,625.0,626.0,600.0,620.219970703125,231079
SYS,2025-01-03,620.0,620.0,594.0,600.1099853515625,219219
SYS,2025-01-06,600.1099853515625,609.0,585.0,590.1199951171875,383302
SYS,2025-01-07,597.7999877929688,600.0,586.0,594.530029296875,280790
SYS,2025-01-08,595.219970703125,600.0,565.0,572.3200073242188,186426
SYS,2025-01-09,580.0,580.0,561.1199951171875,562.8800048828125,132981
SYS,2025-01-10,574.8800048828125,574.8800048828125,555.0,561.4000244140625,204911
SYS,2025-01-13,562.0,569.9500122070312,558.989990234375,562.6400146484375,138025
SYS,2025-01-14,563.0,589.9500122070312,556.0,575.47998046875,227967
SYS,2025-01-15,580.0,582.0,566.0,568.2999877929688,219806
SYS,2025-01-16,575.0,575.0,557.9000244140625,559.5599975585938,91964
SYS,2025-01-17,568.489990234375,576.0,560.0,569.260009765625,279906
SYS,2025-01-20,574.0,575.0,560.02001953125,563.3499755859375,67820
SYS,2025-01-21,569.0,570.0,558.5,559.719970703125,107423
SYS,2025-01-22,564.489990234375,571.0,560.0599975585938,565.1900024414062,212643
SYS,2025-01-23,569.989990234375,569.989990234375,565.0,567.3400268554688,115059
SYS,2025-01-24,568.0,588.0,568.0,582.5800170898438,341717
SYS,2025-01-27,587.0,605.0,586.989990234375,600.489990234375,428869
SYS,2025-01-28,604.0,604.0,541.0,576.3800048828125,107337
SYS,2025-01-29,581.0,581.0,572.0,575.9600219726562,73761
SYS,2025-01-30,577.0,590.0,564.0,587.3900146484375,177702
SYS,2025-01-31,588.8699951171875,600.0,584.0,594.8599853515625,232949
SYS,2025-02-03,594.8599853515625,594.8599853515625,575.0,576.9600219726562,46896
SYS,2025-02-04,582.1799926757812,585.0,575.02001953125,581.4600219726562,27203
SYS,2025-02-06,576.25,584.0,555.0,559.3400268554688,331756
SYS,2025-02-07,564.97998046875,566.9000244140625,548.5,561.8900146484375,351369
SYS,2025-02-10,565.9199829101562,565.9199829101562,555.0499877929688,561.1900024414062,173432
SYS,2025-02-11,563.989990234375,570.0,557.010009765625,558.1199951171875,236174
SYS,2025-02-12,561.5,561.5,550.3200073242188,558.260009765625,45352
SYS,2025-02-13,560.0,563.0,550.1099853515625,553.0499877929688,118237
SYS,2025-02-14,556.0,559.97998046875,549.0,551.6799926757812,85809
SYS,2025-02-17,552.0,555.0,545.02001953125,547.0,119535
SYS,2025-02-18,547.0,549.0,540.0,547.52001953125,146145
SYS,2025-02-19,550.0,561.0,548.0,559.010009765625,52069
SYS,2025-02-20,563.989990234375,563.989990234375,549.510009765625,552.72998046875,122738
SYS,2025-02-21,555.0,555.0,546.25,547.22998046875,106782
SYS,2025-02-24,547.22998046875,574.97998046875,545.0,554.8300170898438,225402
SYS,2025-02-25,555.0,565.9500122070312,554.5,559.0700073242188,385804
SYS,2025-02-26,555.010009765625,564.489990234375,555.010009765625,557.9199829101562,44072
SYS,2025-02-27,562.8900146484375,562.8900146484375,557.9299926757812,559.5399780273438,26221
SYS,2025-02-28,562.5,562.5,540.1599731445312,542.9099731445312,154018
SYS,2025-03-03,542.489990234375,545.0,510.1099853515625,534.989990234375,67618
SYS,2025-03-04,534.0,549.0,532.1199951171875,542.3499755859375,78624
SYS,2025-03-05,549.989990234375,550.0,535.0,539.1599731445312,44868
SYS,2025-03-06,539.1599731445312,545.0,529.02001953125,532.5399780273438,144275
SYS,2025-03-07,532.530029296875,535.9500122070312,524.0999755859375,528.1500244140625,187577
SYS,2025-03-10,529.010009765625,529.9500122070312,522.260009765625,525.2100219726562,41696
SYS,2025-03-11,526.0,530.7100219726562,517.0,518.8400268554688,184090
SYS,2025-03-12,519.9500122070312,523.0,516.0,518.260009765625,111988
SYS,2025-03-13,524.4600219726562,527.989990234375,519.0,520.5499877929688,483778
SYS,2025-03-14,523.0,525.9000244140625,518.5,523.5,197386
SYS,2025-03-17,526.0,530.0,523.5,527.97998046875,143062
SYS,2025-03-18,529.0,531.0,524.0,525.7899780273438,158800
SYS,2025-03-19,528.47998046875,546.989990234375,525.0,538.3499755859375,535338
SYS,2025-03-20,540.6699829101562,569.5,540.6699829101562,566.8099975585938,712909
SYS,2025-03-21,570.27001953125,594.9600219726562,570.27001953125,580.0499877929688,549037
SYS,2025-03-24,581.9500122070312,619.0,565.0,571.719970703125,1015607
SYS,2025-03-25,572.989990234375,580.0,559.0,561.9500122070312,211729
SYS,2025-03-26,567.3800048828125,568.0,557.0,560.3099975585938,66987
SYS,2025-03-27,560.3200073242188,560.5,540.2100219726562,545.8699951171875,141329
SYS,2025-03-28,545.8699951171875,545.8699951171875,545.8699951171875,545.8699951171875,0
SYS,2025-03-31,545.8699951171875,545.8699951171875,545.8699951171875,545.8699951171875,0
SYS,2025-04-03,544.0,544.989990234375,536.0,539.3099975585938,186962
SYS,2025-04-04,539.8900146484375,547.5,539.0,539.739990234375,254873
SYS,2025-04-07,538.0,538.0,490.5,513.4400024414062,470978
SYS,2025-04-08,525.0,525.0,498.0,502.3900146484375,562666
SYS,2025-04-09,99.80000305175781,101.0,94.69999694824219,97.34600067138672,2671455
SYS,2025-04-10,100.0,101.4000015258789,99.5979995727539,100.5459976196289,1879015
SYS,2025-04-11,101.5999984741211,105.0,98.63999938964844,101.61399841308594,3985795
SYS,2025-04-14,515.0,516.0,502.0,503.55999755859375,174619
SYS,2025-04-15,503.6000061035156,509.8800048828125,502.0,503.7799987792969,270125
SYS,2025-04-16,504.0,508.0,490.0,494.20001220703125,141953
SYS,2025-04-17,494.20001220703125,500.989990234375,494.20001220703125,498.1300048828125,261228
SYS,2025-04-18,495.260009765625,507.0,495.0,499.1000061035156,232879
SYS,2025-04-21,501.0,504.95001220703125,490.20001220703125,493.7300109863281,113066
SYS,2025-04-22,496.0,497.989990234375,493.739990234375,495.510009765625,172511
SYS,2025-04-23,495.010009765625,499.0,487.0,489.5400085449219,86142
SYS,2025-04-24,485.0,495.0,480.0,483.6600036621094,351383
SYS,2025-04-25,485.0,492.0,471.0,487.17999267578125,176047
SYS,2025-04-28,492.0,535.9000244140625,492.0,523.1900024414062,1148209
SYS,2025-04-29,525.0,549.989990234375,511.0,542.5499877929688,676465
SYS,2025-04-30,538.0,538.0,519.5999755859375,526.6500244140625,525353
SYS,2025-05-02,533.0,540.0,525.0499877929688,529.7000122070312,807450
SYS,2025-05-05,528.989990234375,533.0,521.0,523.3900146484375,117858
SYS,2025-05-06,525.0,536.3800048828125,523.0,530.0,289467
SYS,2025-05-07,503.0,520.0,500.1000061035156,505.260009765625,656866
SYS,2025-05-08,514.0,515.0,460.0,479.8900146484375,744188
SYS,2025-05-09,474.0199890136719,496.0,461.0,489.4800109863281,303102
SYS,2025-05-12,538.4299926757812,538.4299926757812,523.0,538.4299926757812,951323
SYS,2025-05-13,570.0,570.0,529.0,537.3300170898438,310774
SYS,2025-05-14,543.0,543.0,534.010009765625,538.5599975585938,138554
SYS,2025-05-15,542.989990234375,544.5999755859375,533.1599731445312,539.7999877929688,302251
SYS,2025-05-16,540.0999755859375,546.0,535.0999755859375,543.7899780273438,306707
SYS,2025-05-19,272.0,272.5,269.0,269.95001220703125,213004
SYS,2025-05-20,269.94500732421875,269.94500732421875,264.54998779296875,265.5249938964844,181814
SYS,2025-05-21,265.1650085449219,267.94000244140625,264.42498779296875,265.5050048828125,1076176
SYS,2025-05-22,270.0,288.5,270.0,279.82501220703125,1527328
SYS,2025-05-23,281.0,282.4949951171875,275.5,277.0950012207031,392206
SYS,2025-05-26,279.95001220703125,279.95001220703125,267.25,268.7799987792969,600598
SYS,2025-05-27,107.98799896240234,111.19999694824219,106.80000305175781,108.81999969482422,3605515
SYS,2025-05-28,108.81999969482422,108.81999969482422,108.81999969482422,108.81999969482422,0
SYS,2025-05-29,108.81999969482422,108.81999969482422,108.81999969482422,108.81999969482422,0
SYS,2025-05-30,108.81999969482422,108.81999969482422,108.81999969482422,108.81999969482422,0
SYS,2025-06-02,108.81999969482422,108.81999969482422,108.81999969482422,108.81999969482422,0
SYS,2025-06-03,104.29000091552734,104.5,100.87999725341797,102.52999877929688,2329866
SYS,2025-06-04,103.75,107.26000213623047,102.51000213623047,105.98999786376953,1857002
SYS,2025-06-05,106.02999877929688,108.0,102.80000305175781,104.20999908447266,1736860
SYS,2025-06-06,104.20999908447266,104.20999908447266,104.20999908447266,104.20999908447266,0
SYS,2025-06-09,104.20999908447266,104.20999908447266,104.20999908447266,104.20999908447266,0
SYS,2025-06-10,104.26000213623047,108.0,104.26000213623047,105.08999633789062,2208220
SYS,2025-06-11,107.5,108.4800033569336,105.0,105.3499984741211,1607935
SYS,2025-06-12,105.9800033569336,107.8499984741211,104.80000305175781,105.26000213623047,3395603
SYS,2025-06-13,104.5,104.5,100.36000061035156,102.08999633789062,3784290
SYS,2025-06-16,102.08999633789062,102.08999633789062,102.08999633789062,102.08999633789062,0
SYS,2025-06-17,102.05000305175781,103.23999786376953,101.69999694824219,102.27999877929688,979688
SYS,2025-06-18,104.80000305175781,104.80000305175781,101.75,102.2699966430664,1240836
SYS,2025-06-19,103.0,105.68000030517578,101.4000015258789,102.87999725341797,1797624
SYS,2025-06-20,103.1500015258789,105.48999786376953,102.4800033569336,104.58000183105469,1543835
SYS,2025-06-23,103.0,103.0,100.0,100.37000274658203,1269977
SYS,2025-06-24,105.0,107.75,103.01000213623047,105.69999694824219,4078301
SYS,2025-06-25,106.98999786376953,107.9800033569336,105.33000183105469,106.19999694824219,2225567
SYS,2025-06-26,106.0,106.9000015258789,104.0,104.80999755859375,1298613
SYS,2025-06-27,105.0,110.5,103.5,106.43000030517578,3324619
SYS,2025-06-30,107.0,108.4000015258789,106.5,107.13999938964844,1657107
SYS,2025-07-01,107.97000122070312,112.30000305175781,107.19999694824219,110.01000213623047,4308453
SYS,2025-07-02,110.9000015258789,113.5,109.6500015258789,112.16000366210938,2941691
SYS,2025-07-03,112.6500015258789,114.51000213623047,112.0,112.76000213623047,2023242
SYS,2025-07-04,113.0,119.80000305175781,112.76000213623047,118.04000091552734,5237125
SYS,2025-07-07,119.02999877929688,121.0999984741211,118.80000305175781,119.58000183105469,4514421
SYS,2025-07-08,120.5,120.9000015258789,117.05000305175781,118.27999877929688,1955617
SYS,2025-07-09,119.5,119.5,116.55999755859375,117.41999816894531,1163256
SYS,2025-07-10,118.38999938964844,118.9800033569336,117.0,118.52999877929688,845051
SYS,2025-07-11,119.0,120.0,117.0,117.91999816894531,1528132
SYS,2025-07-14,118.0999984741211,119.22000122070312,118.0999984741211,118.69000244140625,985292
SYS,2025-07-15,118.69000244140625,118.69000244140625,116.62000274658203,117.33000183105469,822167
SYS,2025-07-16,117.3499984741211,118.0,116.0,116.58000183105469,1035628
SYS,2025-07-17,117.0,123.98999786376953,116.0,121.80000305175781,4448267
SYS,2025-07-18,122.80000305175781,124.01000213623047,119.0,119.36000061035156,3481632
SYS,2025-07-21,120.5999984741211,120.9000015258789,117.69999694824219,118.11000061035156,1042647
SYS,2025-07-22,118.5,119.20999908447266,116.0,116.51000213623047,1590977
SYS,2025-07-23,117.9800033569336,119.5,116.5,117.41999816894531,1601002
SYS,2025-07-24,118.0999984741211,122.0,117.41999816894531,119.04000091552734,3149496
SYS,2025-07-25,119.98999786376953,120.05000305175781,118.5,119.77999877929688,817303
SYS,2025-07-28,120.16000366210938,123.69999694824219,120.16000366210938,122.19000244140625,3136393
SYS,2025-07-29,122.26000213623047,122.98999786376953,118.9000015258789,119.2300033569336,2053897
SYS,2025-07-30,119.98999786376953,131.14999389648438,119.98999786376953,127.45999908447266,13520057
SYS,2025-07-31,130.00999450683594,138.88999938964844,128.5,137.13999938964844,18330383
SYS,2025-08-01,138.0,139.0,132.5,133.27999877929688,12745254
SYS,2025-08-04,135.85000610351562,139.89999389648438,134.1999969482422,137.27000427246094,10229215
SYS,2025-08-05,137.97999572753906,139.0,136.0,136.6199951171875,3155302
SYS,2025-08-06,137.74000549316406,137.74000549316406,134.8000030517578,136.7899932861328,3604852
SYS,2025-08-07,138.0,143.6999969482422,137.0500030517578,140.8699951171875,11733778
SYS,2025-08-08,141.49000549316406,141.49000549316406,137.39999389648438,138.60000610351562,4361689
SYS,2025-08-11,138.5,139.10000610351562,137.0500030517578,137.5,1833392
SYS,2025-08-12,137.50999450683594,143.6999969482422,137.50999450683594,139.8800048828125,7809024
SYS,2025-08-13,139.8800048828125,140.5,137.6699981689453,138.05999755859375,2496311
SYS,2025-08-15,138.0,138.9499969482422,136.0,136.9199981689453,2782053
SYS,2025-08-18,136.0,137.5,135.02000427246094,136.22999572753906,3200704
SYS,2025-08-19,137.0,137.5,133.5,134.1699981689453,3904328
SYS,2025-08-20,134.50999450683594,141.5,134.50999450683594,138.8800048828125,11389664
SYS,2025-08-21,139.5,144.3000030517578,139.02999877929688,140.6300048828125,10418326
SYS,2025-08-22,141.60000610351562,143.38999938964844,140.10000610351562,140.61000061035156,4783777
SYS,2025-08-25,141.5,141.5,137.00999450683594,137.77000427246094,1914068
SYS,2025-08-26,137.77000427246094,139.38999938964844,136.8000030517578,137.33999633789062,1569580
SYS,2025-08-27,137.39999389648438,138.58999633789062,135.49000549316406,135.77999877929688,1599756
SYS,2025-08-28,136.0,136.39999389648438,133.89999389648438,134.00999450683594,2110820
SYS,2025-08-29,134.1999969482422,138.4499969482422,133.8800048828125,137.66000366210938,3334537
SYS,2025-09-01,137.94000244140625,138.58999633789062,134.6999969482422,135.22000122070312,3829111
SYS,2025-09-02,135.99000549316406,138.1999969482422,135.5500030517578,135.88999938964844,2201539
SYS,2025-09-03,135.9499969482422,138.5,135.55999755859375,136.60000610351562,3948699
SYS,2025-09-04,137.3800048828125,141.0,137.10000610351562,139.44000244140625,6790904
SYS,2025-09-05,140.0,140.35000610351562,138.25,138.8699951171875,1624992
SYS,2025-09-08,139.89999389648438,139.89999389648438,137.5,138.0800018310547,3318727
SYS,2025-09-09,138.0800018310547,139.0,137.00999450683594,137.19000244140625,1508001
SYS,2025-09-10,137.00999450683594,138.0,135.10000610351562,136.5,3668954
SYS,2025-09-11,137.0,139.39999389648438,136.60000610351562,136.85000610351562,4315769
SYS,2025-09-12,138.0,139.0,136.10000610351562,136.97000122070312,2484170
SYS,2025-09-15,137.0,138.75,136.8800048828125,137.52000427246094,1242143
SYS,2025-09-16,138.0,138.25,136.6999969482422,137.00999450683594,1968966
SYS,2025-09-17,137.99000549316406,144.69000244140625,137.14999389648438,140.9199981689453,14627649
SYS,2025-09-18,142.0,143.25999450683594,140.60000610351562,141.30999755859375,4445067
SYS,2025-09-19,142.0,145.8800048828125,140.5,144.55999755859375,7120407
SYS,2025-09-22,144.4499969482422,148.75,142.0,145.2899932861328,9428291
SYS,2025-09-23,145.2899932861328,145.2899932861328,145.2899932861328,145.2899932861328,0
SYS,2025-09-24,146.0,147.3000030517578,143.5,144.02000427246094,1783281
SYS,2025-09-25,144.02000427246094,145.39999389648438,142.89999389648438,143.2100067138672,1561325
SYS,2025-09-26,143.10000610351562,148.25,141.8000030517578,146.08999633789062,6832258
SYS,2025-09-29,146.08999633789062,147.5,144.5,147.13999938964844,2068851
SYS,2025-09-30,147.49000549316406,153.5,147.14999389648438,151.25,7290312
SYS,2025-10-01,152.0,153.5,148.89999389648438,152.0399932861328,3042824
SYS,2025-10-02,152.0,153.0,150.0,150.88999938964844,1544534
SYS,2025-10-03,152.52000427246094,157.0,151.1999969482422,153.8300018310547,6211119
SYS,2025-10-06,153.8000030517578,159.0,149.9499969482422,154.5,4926999
SYS,2025-10-07,154.5,154.5,154.5,154.5,0
SYS,2025-10-08,154.5,167.0,153.5,163.8699951171875,14700563
SYS,2025-10-09,164.60000610351562,171.1999969482422,159.5,161.1699981689453,9212812
SYS,2025-10-10,161.8699951171875,161.8699951171875,154.89999389648438,156.0,2943606
SYS,2025-10-13,150.00999450683594,154.0,149.0,149.99000549316406,3946911
SYS,2025-10-14,154.0,164.99000549316406,153.8800048828125,164.99000549316406,6417871
SYS,2025-10-15,169.0,171.5,159.8699951171875,160.7100067138672,9004213
SYS,2025-10-16,162.0,163.38999938964844,154.5,155.86000061035156,4456903
SYS,2025-10-17,157.0,160.60000610351562,155.0,159.50999450683594,3059140
SYS,2025-10-20,161.0,165.1999969482422,159.8000030517578,162.42999267578125,3690887
SYS,2025-10-21,164.5,164.50999450683594,160.0,161.49000549316406,2312080
SYS,2025-10-22,162.1699981689453,164.5,158.0,160.57000732421875,3392099
SYS,2025-10-23,160.57000732421875,161.60000610351562,156.30999755859375,157.5500030517578,1345995
SYS,2025-10-24,157.5500030517578,160.2899932861328,155.5500030517578,156.3699951171875,1335780
SYS,2025-10-27,157.14999389648438,158.1999969482422,153.3000030517578,154.08999633789062,2634181
SYS,2025-10-28,156.14999389648438,156.27000427246094,152.0,152.91000366210938,1497072
SYS,2025-10-29,153.99000549316406,153.99000549316406,150.50999450683594,151.22999572753906,1534222
SYS,2025-10-30,151.25,153.0,145.0,146.50999450683594,2724338
SYS,2025-10-31,149.0,155.4499969482422,148.36000061035156,154.22000122070312,2923968
SYS,2025-11-03,154.67999267578125,156.3000030517578,150.39999389648438,154.19000244140625,1535083
SYS,2025-11-04,155.25999450683594,155.25999450683594,151.0,151.72999572753906,852019
SYS,2025-11-05,152.0,152.74000549316406,148.0,148.67999267578125,1751746
SYS,2025-11-06,150.0,150.89999389648438,146.99000549316406,148.24000549316406,956562
SYS,2025-11-07,148.24000549316406,150.8000030517578,147.0,149.0800018310547,654560
SYS,2025-11-10,150.0,153.5,149.0800018310547,152.9499969482422,1303971
SYS,2025-11-11,152.1999969482422,152.50999450683594,148.0,148.99000549316406,2056218
SYS,2025-11-12,149.97000122070312,150.0,146.0,146.69000244140625,1118970
SYS,2025-11-13,147.2100067138672,149.24000549316406,147.2100067138672,148.11000061035156,804704
SYS,2025-11-14,148.39999389648438,149.0,146.6999969482422,147.5399932861328,1138137
SYS,2025-11-17,147.99000549316406,150.5,147.5500030517578,148.27000427246094,1225975
SYS,2025-11-18,148.8000030517578,150.89999389648438,147.0,147.85000610351562,1348453
SYS,2025-11-19,147.85000610351562,148.7899932861328,145.85000610351562,146.33999633789062,766579
SYS,2025-11-20,147.24000549316406,149.89999389648438,145.0,148.52999877929688,2037035
SYS,2025-11-21,148.97999572753906,149.0399932861328,146.6199951171875,147.61000061035156,699175
SYS,2025-11-24,147.5,148.3000030517578,145.47999572753906,145.8699951171875,793955
SYS,2025-11-25,146.85000610351562,147.27000427246094,145.8699951171875,146.8300018310547,1209489
SYS,2025-11-26,147.0,147.3000030517578,145.5,146.94000244140625,1890176
SYS,2025-11-27,147.0,152.00999450683594,146.14999389648438,150.5399932861328,4009406
SYS,2025-11-28,150.9499969482422,157.0800018310547,150.9499969482422,156.38999938964844,4612433
SYS,2025-12-01,157.0,159.10000610351562,155.02000427246094,157.27999877929688,2732292
SYS,2025-12-02,155.0,158.41000366210938,153.5,153.9199981689453,1666921
SYS,2025-12-03,153.8000030517578,156.0,151.6999969482422,151.99000549316406,828696
SYS,2025-12-04,152.0,153.0,150.3000030517578,151.25999450683594,741348
SYS,2025-12-05,152.0,153.9499969482422,151.0,153.38999938964844,1379274
SYS,2025-12-08,154.0,162.0,153.67999267578125,161.2100067138672,8479872
SYS,2025-12-09,161.91000366210938,164.49000549316406,160.8000030517578,161.83999633789062,3310901
SYS,2025-12-10,162.0,162.6999969482422,158.16000366210938,159.83999633789062,1648329
SYS,2025-12-11,160.0,163.5,159.10000610351562,161.0,2654349
SYS,2025-12-12,162.89999389648438,165.60000610351562,161.0,164.85000610351562,4718546
SYS,2025-12-15,165.0,172.5,165.0,170.86000061035156,6073474
SYS,2025-12-16,173.5,174.0,166.60000610351562,167.16000366210938,5515342
SYS,2025-12-17,167.0,167.99000549316406,161.5500030517578,167.05999755859375,3395999
SYS,2025-12-18,167.5,169.10000610351562,165.0,166.0399932861328,1605060
SYS,2025-12-19,165.0,168.5,165.0,167.58999633789062,1063126
SYS,2025-12-22,169.0,171.00999450683594,165.72000122070312,166.97999572753906,2156265
SYS,2025-12-23,167.0,167.99000549316406,164.0,164.55999755859375,779839
SYS,2025-12-24,164.55999755859375,166.47999572753906,161.30999755859375,162.7100067138672,1425977
SYS,2025-12-26,162.7100067138672,167.25,162.5,166.36000061035156,1370708
SYS,2025-12-29,167.0,171.39999389648438,166.2899932861328,169.75999450683594,2568209
SYS,2025-12-30,169.89999389648438,171.49000549316406,169.0,170.08999633789062,2832161
SYS,2025-12-31,170.14999389648438,174.39999389648438,170.0,170.8800048828125,2946496
SYS,2026-01-01,171.02000427246094,172.25,169.5,170.0399932861328,993015
SYS,2026-01-02,170.99000549316406,171.33999633789062,169.0,169.52999877929688,1811519
SYS,2026-01-05,169.99000549316406,171.5,168.5,169.16000366210938,2653903
SYS,2026-01-06,169.89999389648438,172.60000610351562,168.14999389648438,170.30999755859375,5995620
SYS,2026-01-07,170.0,172.0,169.2100067138672,171.3000030517578,4051907
SYS,2026-01-08,171.99000549316406,174.35000610351562,165.60000610351562,167.39999389648438,28120369
SYS,2026-01-09,167.99000549316406,172.10000610351562,166.5,167.4199981689453,9678766
SYS,2026-01-12,166.10000610351562,167.0,160.38999938964844,161.47999572753906,6460415
SYS,2026-01-13,162.0,163.0,158.50999450683594,162.4199981689453,5935533
SYS,2026-01-14,162.44000244140625,163.92999267578125,160.66000366210938,161.1999969482422,2143468
SYS,2026-01-15,162.0,162.0,155.88999938964844,157.42999267578125,1999027
SYS,2026-01-16,158.0,161.69000244140625,158.0,160.47000122070312,2254860
SYS,2026-01-19,161.0,162.5,160.0,160.25,3136652
SYS,2026-01-20,161.8699951171875,161.8699951171875,160.0,161.0500030517578,1518799
SYS,2026-01-21,161.0,161.39999389648438,156.0,156.64999389648438,3359138
SYS,2026-01-22,156.89999389648438,158.49000549316406,155.89999389648438,156.02999877929688,2206440
SYS,2026-01-23,156.02999877929688,157.38999938964844,154.0,154.7899932861328,1593203
SYS,2026-01-26,155.0,160.89999389648438,154.5,158.42999267578125,3939455
SYS,2026-01-27,159.49000549316406,163.5,158.4499969482422,161.1999969482422,4245735
SYS,2026-01-28,162.0,163.0,159.0,160.00999450683594,968962
SYS,2026-01-29,159.5,160.0,153.0,154.0800018310547,3223833
SYS,2026-01-30,155.0,156.49000549316406,153.0,154.57000732421875,2406348
SYS,2026-02-02,154.57000732421875,160.1999969482422,153.1199951171875,159.47999572753906,2549225
SYS,2026-02-03,159.5,163.0,159.13999938964844,162.5399932861328,2553793
SYS,2026-02-04,162.5399932861328,162.89999389648438,159.11000061035156,160.60000610351562,985575
SYS,2026-02-06,160.5,160.5,156.0,157.1999969482422,1463177
SYS,2026-02-09,157.1999969482422,158.5,152.3300018310547,154.27000427246094,2431574
SYS,2026-02-10,155.99000549316406,156.52999877929688,154.0,154.9499969482422,2857683
SYS,2026-02-11,155.0,156.0,154.0,154.52000427246094,757885
SYS,2026-02-12,155.0,155.0,149.0,150.0500030517578,3055809
SYS,2026-02-13,149.25,149.25,144.44000244140625,147.05999755859375,10653452
SYS,2026-02-16,147.5,147.5,139.0,141.88999938964844,8172440
SYS,2026-02-17,142.0,143.5,139.9199981689453,141.52999877929688,6850899
SYS,2026-02-18,143.0,143.5500030517578,141.60000610351562,142.89999389648438,7700531
SYS,2026-02-19,143.1999969482422,143.39999389648438,135.5,136.3800048828125,2227689
SYS,2026-02-20,137.0,143.0,135.0,140.16000366210938,1796412
SYS,2026-02-23,141.0,141.41000366210938,132.0,134.3699951171875,2271905
SYS,2026-02-24,135.0,135.0,128.0,132.27999877929688,3397011
SYS,2026-02-25,133.0,134.0,130.0,130.44000244140625,1791279
SYS,2026-02-26,131.0,135.0,128.0,133.92999267578125,2297052
SYS,2026-02-27,133.66000366210938,135.0,130.02000427246094,132.25999450683594,1155616
SYS,2026-03-02,119.02999877929688,126.0,119.02999877929688,119.02999877929688,4850528
SYS,2026-03-03,119.02999877929688,125.0,116.1500015258789,122.54000091552734,2630948
SYS,2026-03-04,122.66000366210938,124.98999786376953,119.5,119.83999633789062,1881880
SYS,2026-03-05,120.02999877929688,124.94000244140625,119.69999694824219,124.0999984741211,3412946
SYS,2026-03-06,124.19999694824219,124.4800033569336,116.5,117.75,2465498
SYS,2026-03-09,106.5199966430664,110.0,105.9800033569336,106.7300033569336,4460986
SYS,2026-03-10,116.0,117.4000015258789,112.70999908447266,117.4000015258789,1014832
SYS,2026-03-11,121.0,121.0,113.9000015258789,115.87000274658203,3800603
SYS,2026-03-12,115.0,123.6500015258789,113.0999984741211,122.13999938964844,3733638
SYS,2026-03-13,122.5,123.88999938964844,120.0199966430664,122.38999938964844,934332
SYS,2026-03-16,122.38999938964844,126.5,120.66999816894531,125.0199966430664,3435292
SYS,2026-03-17,125.05000305175781,126.9000015258789,125.05000305175781,126.13999938964844,1290847
SYS,2026-03-18,126.5999984741211,128.1699981689453,126.5,127.0,2913835
SYS,2026-03-19,125.01000213623047,128.75,124.80000305175781,126.43000030517578,1366589
SYS,2026-03-20,126.43000030517578,126.43000030517578,126.43000030517578,126.43000030517578,0
SYS,2026-03-23,126.43000030517578,126.43000030517578,126.43000030517578,126.43000030517578,0
SYS,2026-03-24,130.25999450683594,133.0,129.0,130.6999969482422,2098375
SYS,2026-03-25,131.99000549316406,143.77000427246094,131.6999969482422,141.25,5694929
SYS,2026-03-26,140.0,140.0,136.0,137.61000061035156,3650664
SYS,2026-03-27,137.99000549316406,141.77999877929688,137.0,140.3000030517578,2665951
SYS,2026-03-30,140.75,140.9499969482422,132.64999389648438,136.4499969482422,3061578
SYS,2026-03-31,136.5,140.57000732421875,136.5,138.8300018310547,2035308
SYS,2026-04-01,141.0,146.0,140.49000549316406,143.5,4146969
SYS,2026-04-02,140.0,140.0,134.02000427246094,139.83999633789062,1028506
SYS,2026-04-03,135.00999450683594,139.39999389648438,135.00999450683594,135.99000549316406,919043
SYS,2026-04-06,136.0,138.99000549316406,133.5,138.25999450683594,2141770
SYS,2026-04-07,138.0,141.88999938964844,136.0,140.25999450683594,2030009
SYS,2026-04-08,150.0,154.2899932861328,148.5,154.27999877929688,8888440
SYS,2026-04-09,153.0,153.8699951171875,147.0,151.14999389648438,3003874
SYS,2026-04-10,151.3000030517578,154.2899932861328,151.3000030517578,152.86000061035156,2974278
SYS,2026-04-13,149.5,151.5,141.00999450683594,148.8000030517578,2700117
SYS,2026-04-14,150.5,153.0,150.5,152.10000610351562,1959711
SYS,2026-04-15,155.0,156.0,153.0,153.58999633789062,2363465
SYS,2026-04-16,155.5,155.5,152.25,153.16000366210938,1925079
SYS,2026-04-17,154.5,155.00999450683594,152.1999969482422,154.52999877929688,2245618
SYS,2026-04-20,152.00999450683594,153.99000549316406,150.3000030517578,153.14999389648438,1832730
SYS,2026-04-21,154.5,155.0,152.52000427246094,153.83999633789062,1176877
SYS,2026-04-22,154.0,154.0,150.97999572753906,152.4600067138672,638752
SYS,2026-04-23,152.0,152.9499969482422,149.8000030517578,150.0500030517578,1961324
SYS,2026-04-24,149.0,154.0,146.02000427246094,152.35000610351562,1938691
SYS,2026-04-27,151.0,152.88999938964844,150.89999389648438,151.91000366210938,1151505
SYS,2026-04-28,151.91000366210938,151.91000366210938,151.91000366210938,151.91000366210938,0
SYS,2026-04-29,151.91000366210938,151.91000366210938,151.91000366210938,151.91000366210938,0
SYS,2026-04-30,149.0,149.00999450683594,145.0,145.33999633789062,1160686
SYS,2026-05-04,146.0,150.00999450683594,146.0,147.10000610351562,916354
SYS,2026-05-05,144.00999450683594,148.0,144.00999450683594,147.75,573389
SYS,2026-05-06,147.75,147.75,147.75,147.75,0
SYS,2026-05-07,155.49000549316406,156.0,153.0,155.41000366210938,2686131
SYS,2026-05-08,154.0,154.88999938964844,151.0,153.88999938964844,1478618
SYS,2026-05-11,153.0,157.0,152.0,155.3000030517578,1956484
SYS,2026-05-12,156.0,157.0,153.0,153.49000549316406,1213738
SYS,2026-05-13,153.49000549316406,154.64999389648438,151.0500030517578,151.97999572753906,872693
SYS,2026-05-14,153.47000122070312,153.47000122070312,148.07000732421875,149.2100067138672,490305
SYS,2026-05-15,150.8800048828125,151.0,149.10000610351562,149.52000427246094,1247482
SYS,2026-05-18,149.3000030517578,149.99000549316406,146.5,147.5,676792
SYS,2026-05-19,148.0,151.24000549316406,146.16000366210938,147.32000732421875,989712
SYS,2026-05-20,148.0,149.9499969482422,147.3000030517578,149.74000549316406,333256
SYS,2026-05-21,151.0,152.3000030517578,150.00999450683594,151.80999755859375,458856
SYS,2026-05-22,152.41000366210938,152.8000030517578,148.75,150.0,939084
SYS,2026-05-25,152.00999450683594,153.49000549316406,149.0,151.77999877929688,1167199
SYS,2026-05-26,151.77999877929688,151.77999877929688,151.77999877929688,151.77999877929688,0
SYS,2026-05-27,151.77999877929688,151.77999877929688,151.77999877929688,151.77999877929688,0
SYS,2026-05-28,151.77999877929688,151.77999877929688,151.77999877929688,151.77999877929688,0
SYS,2026-05-29,151.5,151.77999877929688,148.5,149.8800048828125,2761164
SYS,2026-06-01,150.00999450683594,152.99000549316406,146.8000030517578,147.72999572753906,1628855
SYS,2026-06-02,147.72999572753906,150.00999450683594,147.5,147.8000030517578,818206
SYS,2026-06-03,147.8000030517578,147.8000030517578,147.8000030517578,147.8000030517578,0
SYS,2026-06-04,149.39999389648438,150.11000061035156,148.0,148.88999938964844,2987666
SYS,2026-06-05,149.5,150.0,147.85000610351562,147.97000122070312,1358190
SYS,2026-06-08,147.89999389648438,147.92999267578125,145.5,146.66000366210938,745042
SYS,2026-06-09,147.8000030517578,148.1999969482422,146.89999389648438,147.72000122070312,431309
SYS,2026-06-10,146.0,147.5,146.0,146.4600067138672,689354
SYS,2026-06-11,146.0,147.5,146.0,146.9199981689453,359474
SYS,2026-06-12,148.0,150.75,147.50999450683594,147.80999755859375,1984640
SYS,2026-06-15,154.0,155.30999755859375,151.5,153.67999267578125,2487366
SYS,2026-06-16,153.99000549316406,157.0,153.1999969482422,155.72000122070312,5696030
SYS,2026-06-17,156.5,158.0,154.0,155.5399932861328,2036077
SYS,2026-06-18,155.5,156.0,154.10000610351562,155.16000366210938,1920778
SYS,2026-06-19,155.16000366210938,155.69000244140625,150.13999938964844,151.17999267578125,1711788
SYS,2026-06-22,152.75,153.39999389648438,149.52000427246094,150.0500030517578,968922
